business_id,fe_transaction_count,fe_transaction_amount_mean,fe_transaction_amount_std,fe_transaction_amount_total,fe_transaction_balance_mean,fe_transaction_balance_min,fe_bounced_transaction_count,fe_paid_transaction_count,fe_reversed_transaction_count,fe_unpaid_transaction_count,Bank Fee,Card Purchase,Cash Deposit,Credit - Sales/EFT In,Debit Order,EFT Payment,Interest Charge,Loan Repayment,fe_unpaid_transaction_rate,fe_bounced_transaction_rate,fe_reversed_transaction_rate,transaction_first_date,transaction_last_date
SME100011,128,3159.42921875,1781.151196970727,404406.94,97791.520625,38729.39,6,112,5,5,10,17,12,43,25,18,1,2,0.0390625,0.046875,0.0390625,2025-10-03,2025-12-31
SME100083,104,4434.417788461538,1385.2647399467446,461179.45,28001.851346153846,6337.61,6,88,4,6,4,18,11,30,19,16,4,2,0.057692307692307696,0.057692307692307696,0.038461538461538464,2022-04-02,2022-06-30
SME100110,136,1111.8866911764705,701.0346172453811,151216.59,23402.395441176468,7057.01,6,110,10,10,14,15,12,45,21,22,2,5,0.07352941176470588,0.04411764705882353,0.07352941176470588,2023-04-03,2023-06-30
SME100113,85,3488.726352941176,1032.5324883702751,296541.74,19836.990588235294,-1698.36,3,74,6,2,4,9,8,21,19,19,2,3,0.023529411764705882,0.03529411764705882,0.07058823529411765,2024-02-01,2024-04-30
SME100130,104,3287.350192307692,1314.145300769265,341884.42,75046.20865384616,52033.59,1,95,0,8,9,12,4,35,12,27,3,2,0.07692307692307693,0.009615384615384616,0.0,2022-08-04,2022-10-31
SME100133,65,3311.096153846154,1152.3021283699486,215221.25,38167.059384615386,24795.63,2,58,4,1,2,9,5,23,14,6,2,4,0.015384615384615385,0.03076923076923077,0.06153846153846154,2024-06-05,2024-08-31
SME100138,35,1969.7265714285713,724.2659015369118,68940.43,5555.0257142857145,-4586.16,4,29,1,1,4,1,1,11,7,6,3,2,0.02857142857142857,0.11428571428571428,0.02857142857142857,2022-11-06,2023-01-31
SME100159,67,2885.8698507462686,765.0891801861117,193353.28,13879.630746268656,-95.28,1,62,1,3,5,10,5,22,13,11,0,1,0.04477611940298507,0.014925373134328358,0.014925373134328358,2024-03-03,2024-05-31
SME100160,75,4177.4168,2583.377705236159,313306.26,180105.45546666667,111092.1,4,67,3,1,4,11,8,25,10,14,1,2,0.013333333333333334,0.05333333333333334,0.04,2022-10-03,2022-12-31
SME100203,93,501.0794623655914,576.696305252686,46600.39,16628.566774193547,10010.59,2,83,5,3,6,13,8,31,20,7,3,5,0.03225806451612903,0.021505376344086023,0.053763440860215055,2025-01-01,2025-03-30
SME100219,87,7325.059425287357,3197.5737985200935,637280.17,77542.35471264368,31298.75,3,75,3,6,6,10,8,25,19,13,3,3,0.06896551724137931,0.034482758620689655,0.034482758620689655,2024-03-03,2024-05-31
SME100251,51,2775.459803921569,1160.5002943515183,141548.45,33471.285294117646,20419.97,1,45,5,0,3,8,4,18,6,9,1,2,0.0,0.0196078431372549,0.09803921568627451,2023-05-08,2023-07-31
SME100308,44,6701.21,1546.092847992628,294853.24,129905.36886363638,74124.34,0,41,1,2,3,1,1,22,7,8,1,1,0.045454545454545456,0.0,0.022727272727272728,2023-03-03,2023-05-30
SME100479,122,4450.993934426229,1250.2486396280663,543021.26,7579.700409836065,-17896.91,4,104,7,7,6,18,7,38,20,21,7,5,0.05737704918032787,0.03278688524590164,0.05737704918032787,2025-01-01,2025-03-31
SME100496,85,29398.102235294118,6200.13864465284,2498838.69,29728.060588235294,-202706.55,4,73,1,7,2,15,7,27,17,9,4,4,0.08235294117647059,0.047058823529411764,0.011764705882352941,2022-06-03,2022-08-30
SME100543,78,13546.302692307694,4981.648981226496,1056611.61,212127.82025641025,168693.99,3,71,1,3,4,9,6,24,14,17,1,3,0.038461538461538464,0.038461538461538464,0.01282051282051282,2024-02-03,2024-04-28
SME100549,137,23686.28503649635,4886.22306373102,3245021.05,-201106.10562043794,-499949.61,0,125,6,6,12,20,9,33,27,20,8,8,0.043795620437956206,0.0,0.043795620437956206,2023-01-31,2023-04-30
SME100613,123,11661.263983739836,4665.7934114196605,1434335.47,343095.8898373984,181683.38,1,114,6,2,8,22,9,43,16,19,3,3,0.016260162601626018,0.008130081300813009,0.04878048780487805,2023-01-31,2023-04-28
SME100623,85,5682.093411764706,2111.144162210305,482977.94,84671.56823529412,48126.69,2,72,3,8,5,11,6,24,19,11,6,3,0.09411764705882353,0.023529411764705882,0.03529411764705882,2024-04-03,2024-06-30
SME100662,72,1855.1819444444445,609.9714086064138,133573.1,16615.32652777778,1212.03,4,65,1,2,3,15,6,17,9,15,2,5,0.027777777777777776,0.05555555555555555,0.013888888888888888,2024-07-03,2024-09-30
SME100680,90,7987.491333333333,4432.0096456754245,718874.22,175596.74055555556,98424.8,3,80,5,2,9,10,4,27,21,9,3,7,0.022222222222222223,0.03333333333333333,0.05555555555555555,2023-04-03,2023-06-29
SME100762,46,4735.025217391304,925.6311812229394,217811.16,-10815.01152173913,-47893.91,2,38,2,4,4,6,5,9,9,9,4,0,0.08695652173913043,0.043478260869565216,0.043478260869565216,2024-11-05,2025-01-30
SME100804,92,1623.3533695652175,1398.7170201383785,149348.51,49632.84967391304,22889.41,2,82,5,3,4,13,8,28,15,18,2,4,0.03260869565217391,0.021739130434782608,0.05434782608695652,2024-03-03,2024-05-31
SME100851,71,1030.1974647887325,617.7525833297856,73144.02,5323.581126760563,-2274.68,3,61,5,2,3,7,8,20,16,12,4,1,0.028169014084507043,0.04225352112676056,0.07042253521126761,2024-06-08,2024-08-30
SME100924,128,7063.728671875,3025.651788887126,904157.27,164768.8628125,76348.3,6,109,6,7,5,17,7,42,17,29,4,7,0.0546875,0.046875,0.046875,2023-03-04,2023-05-31
SME100948,99,5119.705757575757,1894.8593643517752,506850.87,63978.20919191919,-134.17,2,91,3,3,10,16,6,41,15,7,1,3,0.030303030303030304,0.020202020202020204,0.030303030303030304,2024-05-05,2024-07-31
SME100975,114,1396.1237719298244,704.5292156567856,159158.11,6614.412105263158,-4067.98,3,107,3,1,3,20,7,33,18,20,8,5,0.008771929824561403,0.02631578947368421,0.02631578947368421,2025-05-03,2025-07-31
SME101013,107,4452.541121495327,1424.476933877059,476421.9,45439.7414953271,20940.85,4,93,3,7,7,11,12,35,16,19,3,4,0.06542056074766354,0.037383177570093455,0.028037383177570093,2024-11-03,2025-01-30
SME101029,91,4524.402857142857,1779.3777968756292,411720.66,93105.19615384615,52098.82,4,82,2,3,4,9,4,33,25,12,3,1,0.03296703296703297,0.04395604395604396,0.02197802197802198,2023-09-02,2023-11-29
SME101226,124,14105.752741935485,907.7578373679788,1749113.34,-105922.03411290323,-363714.74,5,111,2,6,9,17,13,30,23,17,5,10,0.04838709677419355,0.04032258064516129,0.016129032258064516,2025-03-03,2025-05-31
SME101236,114,1407.2632456140352,911.2585848665092,160428.01,28435.294824561402,8130.1,2,103,4,5,10,14,13,30,24,21,1,1,0.043859649122807015,0.017543859649122806,0.03508771929824561,2024-08-03,2024-10-31
SME101238,122,2423.630737704918,1008.3448714365258,295682.95,65794.88959016393,27946.57,5,108,5,4,4,11,12,41,20,21,7,6,0.03278688524590164,0.040983606557377046,0.040983606557377046,2023-05-03,2023-07-31
SME101253,79,3066.3398734177217,1259.7178384458564,242240.85,65366.30924050633,26879.94,1,74,2,2,5,14,8,27,10,9,4,2,0.02531645569620253,0.012658227848101266,0.02531645569620253,2024-01-02,2024-03-30
SME101256,125,2645.63168,1544.584345814974,330703.96,99785.10743999999,42972.56,5,104,6,10,10,18,7,45,22,16,4,3,0.08,0.04,0.048,2024-04-04,2024-06-30
SME101278,114,9486.972456140351,1956.6615927015089,1081514.86,24723.537192982454,-19149.57,4,102,6,2,6,15,13,31,22,18,7,2,0.017543859649122806,0.03508771929824561,0.05263157894736842,2023-12-02,2024-02-29
SME101292,77,501.98298701298705,503.5267573198201,38652.69,2551.777922077922,-4417.72,4,66,3,4,3,12,4,19,19,16,2,2,0.05194805194805195,0.05194805194805195,0.03896103896103896,2024-01-02,2024-03-31
SME101295,128,511.577734375,426.871481316061,65481.95,-379.735625,-5523.49,3,111,4,10,8,24,6,31,30,20,2,7,0.078125,0.0234375,0.03125,2023-12-02,2024-02-29
SME101357,77,8783.16,2529.7701869833945,676303.32,144722.06233766236,72008.81,3,70,3,1,4,13,5,27,11,13,3,1,0.012987012987012988,0.03896103896103896,0.03896103896103896,2023-10-03,2023-12-31
SME101363,35,1739.088,863.2441864467537,60868.08,14758.634,8732.82,1,31,2,1,4,6,1,11,5,6,1,1,0.02857142857142857,0.02857142857142857,0.05714285714285714,2022-04-02,2022-06-30
SME101386,106,8602.473679245282,4651.403543459467,911862.21,354064.1674528302,96352.41,4,86,6,10,8,7,10,43,15,16,4,3,0.09433962264150944,0.03773584905660377,0.05660377358490566,2023-05-03,2023-07-31
SME101401,77,15423.125064935064,5374.314134903175,1187580.63,482731.7311688311,327877.14,3,64,6,4,3,9,9,23,14,10,5,4,0.05194805194805195,0.03896103896103896,0.07792207792207792,2023-09-02,2023-11-27
SME101493,92,13813.281521739129,5208.06688687297,1270821.9,265079.77119565214,172277.03,2,80,6,4,10,18,6,27,12,15,1,3,0.043478260869565216,0.021739130434782608,0.06521739130434782,2024-07-03,2024-09-27
SME101529,88,8793.123977272728,3433.2286473942568,773794.91,220923.24113636362,159629.56,6,75,3,4,7,11,9,21,16,15,4,5,0.045454545454545456,0.06818181818181818,0.03409090909090909,2023-07-03,2023-09-30
SME101539,59,526.2603389830508,557.7629837372406,31049.36,10539.106779661017,6813.19,1,54,0,4,6,11,3,11,10,11,3,4,0.06779661016949153,0.01694915254237288,0.0,2023-09-02,2023-11-28
SME101653,90,936.7432222222222,713.0241225773087,84306.89,7398.65911111111,693.7,3,79,4,4,6,15,9,25,18,10,1,6,0.044444444444444446,0.03333333333333333,0.044444444444444446,2025-08-03,2025-10-31
SME101661,89,2455.8852808988763,716.9292558086155,218573.79,-15810.25606741573,-41486.5,1,82,3,3,2,11,5,20,17,25,8,1,0.033707865168539325,0.011235955056179775,0.033707865168539325,2024-09-02,2024-11-30
SME101673,135,1019.7874814814814,638.3747860845815,137671.31,18962.139111111108,11653.3,4,115,6,10,11,19,8,44,19,24,3,7,0.07407407407407407,0.02962962962962963,0.044444444444444446,2023-09-02,2023-11-29
SME101703,56,568.0294642857143,518.3388084726038,31809.65,6125.402142857143,983.92,1,50,2,3,4,6,4,20,10,10,1,1,0.05357142857142857,0.017857142857142856,0.03571428571428571,2024-01-02,2024-03-26
SME101734,87,14591.760000000002,3170.199689805338,1269483.12,96278.75678160919,8267.8,4,77,2,4,4,16,5,24,18,12,6,2,0.04597701149425287,0.04597701149425287,0.022988505747126436,2023-09-02,2023-11-30
SME101744,101,1936.0653465346536,741.8960254773767,195542.6,5515.856831683169,-1536.28,6,85,3,7,7,8,10,29,23,14,4,6,0.06930693069306931,0.0594059405940594,0.0297029702970297,2023-01-31,2023-04-30
SME101831,64,2374.76015625,1052.6499245094813,151984.65,15688.48703125,8234.29,2,54,4,4,3,11,4,17,14,10,2,3,0.0625,0.03125,0.0625,2024-08-04,2024-10-28
SME101848,132,21222.278181818183,11376.690675528262,2801340.72,824072.0431818182,497533.28,1,120,6,5,8,24,2,42,25,21,4,6,0.03787878787878788,0.007575757575757576,0.045454545454545456,2023-03-03,2023-05-31
SME101985,103,6161.511941747573,1198.4925526751351,634635.73,-29536.31776699029,-118646.48,1,91,4,7,8,17,3,28,12,26,7,2,0.06796116504854369,0.009708737864077669,0.038834951456310676,2024-05-03,2024-07-31
SME101995,130,3694.554153846154,1002.1179069558266,480292.04,35381.09938461539,17603.05,6,117,2,5,13,13,17,37,26,20,2,2,0.038461538461538464,0.046153846153846156,0.015384615384615385,2022-06-03,2022-08-30
SME102041,121,6056.157272727273,2038.4950284728027,732795.03,105188.02413223141,53430.82,2,107,7,5,5,20,7,34,19,20,9,7,0.04132231404958678,0.01652892561983471,0.05785123966942149,2023-03-03,2023-05-31
SME102047,126,8688.005079365079,4213.365593436534,1094688.64,160029.0781746032,97024.52,3,108,7,8,9,9,9,34,22,28,10,5,0.06349206349206349,0.023809523809523808,0.05555555555555555,2023-07-03,2023-09-30
SME102052,117,13043.018376068376,6719.747860994453,1526033.15,323984.88170940167,131187.85,8,104,1,4,9,18,11,34,21,19,5,0,0.03418803418803419,0.06837606837606838,0.008547008547008548,2023-12-02,2024-02-29
SME102077,90,6547.629222222222,1970.5836028988965,589286.63,23658.553,-41610.08,3,76,6,5,6,17,4,23,18,15,3,4,0.05555555555555555,0.03333333333333333,0.06666666666666667,2023-10-03,2023-12-31
SME102108,102,2319.1667647058825,1738.3777679740551,236555.01,77885.93647058823,10437.31,1,95,3,3,6,15,2,36,15,24,2,2,0.029411764705882353,0.00980392156862745,0.029411764705882353,2024-03-03,2024-05-29
SME102207,134,3228.4368656716415,1361.6666439670016,432610.54,84864.22492537314,58510.45,4,120,2,8,8,15,11,39,22,32,4,3,0.05970149253731343,0.029850746268656716,0.014925373134328358,2024-06-03,2024-08-31
SME102227,45,7743.942222222223,2109.174489785786,348477.4,52542.230888888895,26992.23,2,38,4,1,1,7,2,13,9,8,3,2,0.022222222222222223,0.044444444444444446,0.08888888888888889,2024-03-05,2024-05-28
SME102267,70,3633.4044285714285,1567.0278303408372,254338.31,95956.55971428572,54636.59,0,62,5,3,2,12,5,25,12,11,1,2,0.04285714285714286,0.0,0.07142857142857142,2024-03-03,2024-05-31
SME102318,65,5733.489076923077,1880.0877410041626,372676.79,78640.0536923077,54473.62,4,57,0,4,3,13,4,20,9,10,3,3,0.06153846153846154,0.06153846153846154,0.0,2024-03-03,2024-05-30
SME102332,41,2671.523170731707,1191.1098878156436,109532.45,23929.842195121953,7726.0,1,37,2,1,5,6,2,9,3,7,1,8,0.024390243902439025,0.024390243902439025,0.04878048780487805,2025-01-01,2025-03-30
SME102460,120,1103.376,581.7042238379607,132405.12,8392.36275,-2053.89,1,111,0,8,8,16,15,26,24,18,9,4,0.06666666666666667,0.008333333333333333,0.0,2025-12-01,2026-02-27
SME102482,112,605.1410714285714,528.5783018291684,67775.8,9923.405625,5380.97,4,102,1,5,4,22,8,30,24,16,6,2,0.044642857142857144,0.03571428571428571,0.008928571428571428,2025-05-03,2025-07-30
SME102486,128,12506.428515625,6305.165369135704,1600822.85,352410.486953125,125217.5,5,110,7,6,5,18,10,40,27,21,4,3,0.046875,0.0390625,0.0546875,2023-11-03,2024-01-31
SME102491,42,30296.959285714285,5775.696176322159,1272472.29,97072.53095238096,-23265.73,1,36,0,5,2,7,6,8,9,5,3,2,0.11904761904761904,0.023809523809523808,0.0,2023-08-04,2023-10-28
SME102495,65,3924.3829230769234,1744.6360258461889,255084.89,81554.81876923077,47391.52,5,53,4,3,5,11,5,22,10,5,2,5,0.046153846153846156,0.07692307692307693,0.06153846153846154,2023-12-04,2024-02-29
SME102529,65,5124.9612307692305,1350.7375934263978,333122.48,49206.54384615385,31990.0,1,59,3,2,3,7,6,20,11,10,6,2,0.03076923076923077,0.015384615384615385,0.046153846153846156,2023-03-07,2023-05-29
SME102644,62,2999.7619354838707,1386.4614807249054,185985.24,22757.67048387097,4264.37,2,57,2,1,4,4,6,18,13,9,3,5,0.016129032258064516,0.03225806451612903,0.03225806451612903,2023-07-05,2023-09-26
SME102707,126,3648.284365079365,1364.0109192727139,459683.83,22676.273571428574,-2685.63,2,112,7,5,6,12,12,35,29,23,5,4,0.03968253968253968,0.015873015873015872,0.05555555555555555,2024-10-03,2024-12-30
SME102807,72,5424.303333333333,2840.38760772609,390549.84,183378.7975,102875.62,2,63,2,5,2,12,5,29,13,9,2,0,0.06944444444444445,0.027777777777777776,0.027777777777777776,2023-06-03,2023-08-30
SME102835,66,3431.054696969697,2001.1629527369405,226449.61000000002,18938.705,-3913.85,6,52,2,6,3,11,5,20,8,13,2,4,0.09090909090909091,0.09090909090909091,0.030303030303030304,2024-03-07,2024-05-29
SME102851,87,1792.583448275862,1041.668305090364,155954.76,27777.75068965517,14051.04,4,76,4,3,7,17,6,19,15,16,3,4,0.034482758620689655,0.04597701149425287,0.04597701149425287,2022-08-06,2022-10-30
SME102901,99,933.6817171717172,613.0177664370173,92434.49,12710.887575757577,7608.57,2,84,7,6,6,10,8,29,14,21,5,6,0.06060606060606061,0.020202020202020204,0.0707070707070707,2025-03-04,2025-05-31
SME102937,134,1383.5568656716418,582.1920579051612,185396.62,24113.177313432836,16724.06,4,120,5,5,5,21,14,47,16,18,5,8,0.03731343283582089,0.029850746268656716,0.03731343283582089,2024-11-04,2025-01-31
SME102944,73,1542.3012328767124,611.2392522344014,112587.99,-4537.841095890411,-10768.75,1,66,3,3,2,8,5,26,19,11,1,1,0.0410958904109589,0.0136986301369863,0.0410958904109589,2025-10-05,2025-12-31
SME102948,64,3156.12828125,1440.6556787317636,201992.21,96014.28984375,78437.76,0,56,3,5,3,10,6,16,13,12,2,2,0.078125,0.0,0.046875,2024-03-03,2024-05-31
SME102956,118,1761.528220338983,962.0149916441464,207860.33,35822.20059322034,14612.72,4,105,5,4,9,13,10,40,23,16,4,3,0.03389830508474576,0.03389830508474576,0.0423728813559322,2024-03-04,2024-05-31
SME102960,49,6223.874489795918,2626.914939444225,304969.85,92030.08081632653,55758.73,2,44,1,2,5,6,6,12,6,5,5,4,0.04081632653061224,0.04081632653061224,0.02040816326530612,2024-03-09,2024-05-30
SME102992,58,1835.2698275862067,1156.8849811644325,106445.65,6301.144827586208,-5288.62,1,50,4,3,5,7,1,14,12,14,3,2,0.05172413793103448,0.017241379310344827,0.06896551724137931,2024-05-07,2024-07-31
SME103104,113,1275.9513274336284,759.7455222198047,144182.5,45656.862654867255,25672.15,4,101,6,2,11,18,16,28,10,20,4,6,0.017699115044247787,0.035398230088495575,0.05309734513274336,2022-12-03,2023-02-28
SME103200,97,3230.6974226804127,1309.2700035247685,313377.65,24446.78731958763,8823.58,3,79,6,9,5,12,5,31,20,14,6,4,0.09278350515463918,0.030927835051546393,0.061855670103092786,2024-12-01,2025-02-28
SME103202,48,1786.3014583333334,568.7998374329809,85742.47,-6156.176041666667,-19122.56,3,41,3,1,5,7,3,10,7,11,2,3,0.020833333333333332,0.0625,0.0625,2023-09-03,2023-11-30
SME103213,94,10311.828723404256,3880.5861266611396,969311.9,97011.49893617022,39310.43,0,90,2,2,10,7,6,33,15,17,3,3,0.02127659574468085,0.0,0.02127659574468085,2024-11-04,2025-01-31
SME103266,130,6798.8569230769235,2261.5415657617214,883851.4,150766.2213846154,106076.72,3,113,3,11,7,15,6,47,18,27,5,5,0.08461538461538462,0.023076923076923078,0.023076923076923078,2024-11-03,2025-01-31
SME103269,56,19068.210892857143,4323.99663539028,1067819.81,203439.52392857143,121304.75,2,51,0,3,1,7,1,22,12,11,1,1,0.05357142857142857,0.03571428571428571,0.0,2024-05-11,2024-07-31
SME103271,97,1946.0119587628867,933.6926242765414,188763.16,37615.443092783506,27492.12,2,85,2,8,8,15,8,26,22,10,4,4,0.08247422680412371,0.020618556701030927,0.020618556701030927,2022-12-01,2023-02-28
SME103303,108,3581.9137962962964,1107.8598100941754,386846.69,53072.333333333336,37504.23,6,96,2,4,4,16,11,33,16,19,5,4,0.037037037037037035,0.05555555555555555,0.018518518518518517,2024-01-02,2024-03-31
SME103340,37,1574.9945945945947,969.9984414781139,58274.8,19731.65945945946,9213.9,2,35,0,0,2,8,2,12,7,4,1,1,0.0,0.05405405405405406,0.0,2024-01-05,2024-03-29
SME103389,100,1238.569,856.217875363461,123856.9,20593.5578,10196.03,0,88,4,8,5,14,8,25,25,16,5,2,0.08,0.0,0.04,2022-11-03,2023-01-31
SME103458,66,458.92045454545456,552.2202058165727,30288.75,6089.810454545454,145.23,1,61,3,1,3,11,2,23,5,14,5,3,0.015151515151515152,0.015151515151515152,0.045454545454545456,2025-01-31,2025-04-30
SME103480,106,3278.1949999999997,1591.838614260252,347488.67,43300.201886792456,11335.64,2,95,3,6,8,9,9,30,16,22,3,9,0.05660377358490566,0.018867924528301886,0.02830188679245283,2024-05-03,2024-07-31
SME103519,39,7447.771538461539,3283.1860503476755,290463.09,66020.65666666666,30478.34,0,35,2,2,3,9,1,16,4,3,0,3,0.05128205128205128,0.0,0.05128205128205128,2022-09-02,2022-11-15
SME103521,130,2862.3830769230767,1618.4869651640581,372109.8,69875.10630769232,23037.91,2,116,4,8,4,17,4,48,27,18,7,5,0.06153846153846154,0.015384615384615385,0.03076923076923077,2025-05-03,2025-07-31
SME103539,127,6231.54779527559,2585.7795926542467,791406.57,99466.41551181102,61499.34,1,115,5,6,13,17,15,32,20,15,7,8,0.047244094488188976,0.007874015748031496,0.03937007874015748,2024-06-03,2024-08-31
SME103643,69,30748.219855072464,10682.064196576606,2121627.17,239573.0307246377,69546.98,2,62,4,1,2,17,1,26,13,2,3,5,0.014492753623188406,0.028985507246376812,0.057971014492753624,2023-03-06,2023-05-27
SME103661,120,4638.4655,1646.4742985379294,556615.86,66005.27408333334,31898.33,2,108,7,3,6,24,7,34,23,22,3,1,0.025,0.016666666666666666,0.058333333333333334,2023-04-02,2023-06-29
SME103764,137,3448.9929197080296,1412.8212274721188,472512.03,73416.44715328467,30535.18,1,124,7,5,12,18,12,39,23,23,3,7,0.0364963503649635,0.0072992700729927005,0.051094890510948905,2023-04-02,2023-06-29
SME103781,93,1726.0012903225806,1223.7485136192295,160518.12,57427.61709677419,22121.03,1,81,2,9,3,14,7,31,15,17,3,3,0.0967741935483871,0.010752688172043012,0.021505376344086023,2022-06-03,2022-08-29
SME103798,45,8537.371555555555,3434.423824371257,384181.72,42791.34577777778,9114.55,0,44,0,1,3,7,5,10,7,11,1,1,0.022222222222222223,0.0,0.0,2022-04-10,2022-06-30
SME103802,112,10789.051160714285,5492.456713463622,1208373.73,421591.62339285715,108918.98,1,100,4,7,6,11,10,42,12,26,4,1,0.0625,0.008928571428571428,0.03571428571428571,2025-01-03,2025-03-31
SME103806,128,5619.5278125,2635.917927432592,719299.56,136961.311875,87580.27,2,120,4,2,5,23,7,37,28,19,4,5,0.015625,0.015625,0.03125,2022-10-03,2022-12-31
SME103823,62,2288.5641935483873,1099.4371810956586,141890.98,33446.14870967742,7925.67,2,56,3,1,4,6,5,21,10,13,2,1,0.016129032258064516,0.03225806451612903,0.04838709677419355,2023-11-04,2024-01-30
SME103859,117,732.4530769230769,602.6511528961034,85697.01,34106.554444444446,22438.09,3,107,4,3,3,22,13,27,28,16,4,4,0.02564102564102564,0.02564102564102564,0.03418803418803419,2025-04-04,2025-06-30
SME103908,51,1744.1056862745097,814.2976887975426,88949.39,38169.03411764706,27842.6,1,45,3,2,5,4,9,10,10,6,2,5,0.0392156862745098,0.0196078431372549,0.058823529411764705,2023-07-06,2023-09-29
SME103952,72,2627.609722222222,632.6560985932608,189187.9,20402.898472222223,3524.53,1,61,6,4,0,10,8,28,10,15,1,0,0.05555555555555555,0.013888888888888888,0.08333333333333333,2025-07-03,2025-09-28
SME104065,101,1748.3388118811881,724.3946246615682,176582.22,34174.379009900986,20601.46,3,91,3,4,6,16,10,32,17,14,1,5,0.039603960396039604,0.0297029702970297,0.0297029702970297,2023-07-03,2023-09-30
SME104067,46,3975.5765217391304,1090.4407954038431,182876.52,60692.77760869565,37491.52,1,39,1,5,2,3,3,21,9,6,1,1,0.10869565217391304,0.021739130434782608,0.021739130434782608,2022-09-02,2022-11-30
SME104097,96,2844.8145833333333,1169.7268820198265,273102.2,30507.760312500002,6499.34,1,88,4,3,5,12,11,27,18,16,1,6,0.03125,0.010416666666666666,0.041666666666666664,2024-10-03,2024-12-31
SME104120,136,2396.490955882353,889.7169881367215,325922.77,12599.815,-3803.41,7,119,5,5,11,16,10,47,23,21,3,5,0.03676470588235294,0.051470588235294115,0.03676470588235294,2023-12-02,2024-02-29
SME104138,68,10820.110735294118,4465.415049063963,735767.53,33058.93617647059,-22070.6,5,58,3,2,6,16,2,15,15,10,2,2,0.029411764705882353,0.07352941176470588,0.04411764705882353,2023-10-03,2023-12-29
SME104139,37,4646.363513513514,1127.2098965863952,171915.45,52792.300810810804,35785.04,2,33,1,1,1,2,3,11,7,7,3,3,0.02702702702702703,0.05405405405405406,0.02702702702702703,2023-03-05,2023-05-30
SME104142,138,5518.971231884058,1590.985509518239,761618.03,72774.71753623188,-5533.4,3,121,6,8,6,15,15,48,28,16,6,4,0.057971014492753624,0.021739130434782608,0.043478260869565216,2023-05-03,2023-07-31
SME104158,95,2121.6713684210526,783.5603403771388,201558.78,45608.07410526316,33157.47,3,79,5,8,9,14,11,26,14,14,4,3,0.08421052631578947,0.031578947368421054,0.05263157894736842,2025-10-03,2025-12-31
SME104210,135,2174.020222222222,827.6241203440868,293492.73,36513.64555555556,20189.88,5,119,4,7,6,26,6,40,20,24,6,7,0.05185185185185185,0.037037037037037035,0.02962962962962963,2024-01-03,2024-03-31
SME104230,129,7681.942015503876,2987.8083654354773,990970.52,160160.0965116279,89930.41,7,111,5,6,7,18,5,42,23,24,6,4,0.046511627906976744,0.05426356589147287,0.03875968992248062,2025-03-03,2025-05-31
SME104281,40,4476.58625,1339.2801925502267,179063.45,86297.48874999999,64731.82,0,35,0,5,2,7,2,14,6,4,4,1,0.125,0.0,0.0,2023-01-02,2023-03-31
SME104338,126,1503.2819047619046,651.7152856844338,189413.52,17028.063253968256,3628.67,4,111,5,6,10,8,13,46,24,16,6,3,0.047619047619047616,0.031746031746031744,0.03968253968253968,2024-10-03,2024-12-31
SME104345,101,13030.553762376238,5300.012570943932,1316085.93,236192.1875247525,89657.1,4,86,7,4,4,16,7,34,14,17,2,7,0.039603960396039604,0.039603960396039604,0.06930693069306931,2025-11-03,2026-01-30
SME104357,136,7445.981691176471,3555.4680175475883,1012653.51,294576.1586764706,104943.16,3,117,5,11,8,16,16,46,23,20,2,5,0.08088235294117647,0.022058823529411766,0.03676470588235294,2023-10-03,2023-12-30
SME104382,96,1416.7681249999998,801.30226248252,136009.74,34723.166875,15295.32,3,85,2,6,3,10,9,40,14,12,2,6,0.0625,0.03125,0.020833333333333332,2023-07-04,2023-09-30
SME104417,86,7000.453372093023,1806.6814760175535,602038.99,110829.81953488373,64981.44,4,74,2,6,4,11,5,32,16,12,3,3,0.06976744186046512,0.046511627906976744,0.023255813953488372,2025-01-03,2025-03-31
SME104439,101,1025.8162376237624,584.0276791366167,103607.44,10972.002475247526,4077.8,2,86,5,8,6,8,9,25,23,20,4,6,0.07920792079207921,0.019801980198019802,0.04950495049504951,2024-08-03,2024-10-30
SME104453,87,5407.06908045977,1908.0160913145949,470415.01,91258.71655172414,55516.22,1,77,4,5,8,12,6,28,15,10,3,5,0.05747126436781609,0.011494252873563218,0.04597701149425287,2023-11-03,2024-01-31
SME104460,50,14391.0732,7931.115094610912,719553.66,182008.9218,92869.84,1,45,1,3,3,9,2,7,14,8,4,3,0.06,0.02,0.02,2024-03-03,2024-05-29
SME104461,107,5772.790560747663,2329.283863607428,617688.59,88381.36121495327,41439.9,2,97,4,4,3,13,9,34,16,22,5,5,0.037383177570093455,0.018691588785046728,0.037383177570093455,2022-03-03,2022-05-30
SME104472,45,1599.2244444444445,1062.5326162342576,71965.1,23737.526444444444,17484.57,3,39,0,3,3,8,3,10,7,6,4,4,0.06666666666666667,0.06666666666666667,0.0,2024-04-02,2024-06-29
SME104497,116,9996.735689655174,3686.6812239923565,1159621.34,114419.13646551724,25860.42,3,102,4,7,7,12,8,27,22,29,6,5,0.0603448275862069,0.02586206896551724,0.034482758620689655,2024-08-04,2024-10-31
SME104521,95,6245.820736842105,2175.6013935433466,593352.97,2520.7996842105263,-34051.31,7,79,4,5,10,15,8,25,21,11,1,4,0.05263157894736842,0.07368421052631578,0.042105263157894736,2023-11-03,2024-01-29
SME104571,61,4279.405409836066,1945.6338873741327,261043.73,93182.12655737705,71871.69,1,52,5,3,3,8,4,19,10,11,6,0,0.04918032786885246,0.01639344262295082,0.08196721311475409,2025-06-04,2025-08-31
SME104736,117,1122.122393162393,668.4632388554514,131288.32,8572.945042735044,2307.46,7,98,7,5,7,16,6,35,19,23,7,4,0.042735042735042736,0.05982905982905983,0.05982905982905983,2024-04-02,2024-06-30
SME104738,132,15881.30553030303,3546.344342980931,2096332.33,123943.17515151514,-44840.34,6,116,5,5,8,24,12,32,24,20,9,3,0.03787878787878788,0.045454545454545456,0.03787878787878788,2022-11-03,2023-01-31
SME104751,122,659.3990983606558,576.3394056808042,80446.69,12267.918442622951,6231.01,3,108,6,5,8,18,14,35,23,18,2,4,0.040983606557377046,0.02459016393442623,0.04918032786885246,2025-10-03,2025-12-31
SME104757,55,3554.622,1614.3646533903968,195504.21,69273.75036363637,48085.87,1,50,0,4,5,9,4,14,9,11,1,2,0.07272727272727272,0.01818181818181818,0.0,2023-07-04,2023-09-29
SME104763,108,988.7815740740741,836.998752146997,106788.41,26153.057685185184,10428.72,7,90,6,5,6,14,9,34,18,22,4,1,0.046296296296296294,0.06481481481481481,0.05555555555555555,2022-12-02,2023-02-27
SME104804,71,1669.4154929577464,724.8510888269963,118528.5,15076.673521126762,6084.71,1,62,4,4,8,6,7,16,12,15,2,5,0.056338028169014086,0.014084507042253521,0.056338028169014086,2024-07-06,2024-09-30
SME104820,104,3704.180480769231,1178.9445744619059,385234.77,80991.18903846154,61776.93,4,87,3,10,10,17,10,33,13,18,2,1,0.09615384615384616,0.038461538461538464,0.028846153846153848,2023-05-03,2023-07-31
SME104876,65,5662.174923076923,2854.8035605105133,368041.37,199780.71984615384,130935.55,0,56,3,6,2,13,4,26,8,6,4,2,0.09230769230769231,0.0,0.046153846153846156,2023-12-04,2024-02-29
SME104883,125,5347.632,2486.202613818849,668454.0,95513.05376000001,24090.3,4,109,5,7,6,16,13,33,23,23,3,8,0.056,0.032,0.04,2023-07-04,2023-09-30
SME104914,60,3391.2395,1662.0399434526084,203474.37,66495.85,39788.73,2,54,2,2,0,4,6,19,14,12,1,4,0.03333333333333333,0.03333333333333333,0.03333333333333333,2022-05-04,2022-07-31
SME104948,71,8443.410422535211,1870.2771638483628,599482.14,168310.96971830985,95105.6,2,62,3,4,2,13,10,24,9,9,2,2,0.056338028169014086,0.028169014084507043,0.04225352112676056,2022-05-03,2022-07-31
SME104958,117,33089.88769230769,16952.794898407756,3871516.86,981238.7891452991,560926.23,3,102,7,5,7,20,10,36,20,16,6,2,0.042735042735042736,0.02564102564102564,0.05982905982905983,2024-06-04,2024-08-31
SME104959,60,1939.9071666666666,534.6256139725864,116394.43,1266.6718333333333,-15934.18,1,56,1,2,2,9,0,17,11,15,4,2,0.03333333333333333,0.016666666666666666,0.016666666666666666,2022-09-02,2022-11-29
SME104960,45,8266.082444444444,5863.28880426264,371973.71,118225.15288888889,52343.21,1,39,1,4,2,8,2,14,6,8,2,3,0.08888888888888889,0.022222222222222223,0.022222222222222223,2022-11-03,2023-01-29
SME105039,64,499.48484375,515.3910142332286,31967.03,2935.32796875,541.82,4,51,5,4,9,11,3,14,10,12,5,0,0.0625,0.0625,0.078125,2023-09-02,2023-11-30
SME105049,106,2605.45820754717,1413.6170604737586,276178.57,54910.62179245283,33117.84,3,92,6,5,7,11,11,30,20,17,5,5,0.04716981132075472,0.02830188679245283,0.05660377358490566,2025-01-31,2025-04-30
SME105060,45,2116.7986666666666,1291.5725535784945,95255.94,23800.34288888889,14724.25,0,40,1,4,3,10,2,9,6,10,2,3,0.08888888888888889,0.0,0.022222222222222223,2025-10-04,2025-12-28
SME105097,44,3774.8038636363635,2703.9723346899177,166091.37,56193.15545454545,34276.36,1,37,3,3,2,5,5,11,8,9,1,3,0.06818181818181818,0.022727272727272728,0.06818181818181818,2024-01-08,2024-03-31
SME105098,66,10049.894545454546,2801.299194761757,663293.04,102853.295,46823.81,1,59,4,2,5,11,4,17,13,16,0,0,0.030303030303030304,0.015151515151515152,0.06060606060606061,2022-11-05,2023-01-31
SME105174,123,5763.808130081301,2009.1740439822652,708948.4,98729.61504065042,36019.65,2,108,7,6,9,20,16,34,15,18,4,7,0.04878048780487805,0.016260162601626018,0.056910569105691054,2022-01-01,2022-03-31
SME105271,129,1602.5466666666666,555.8365056399978,206728.52,-16421.666744186045,-34028.05,3,115,6,5,4,28,9,36,24,16,5,7,0.03875968992248062,0.023255813953488372,0.046511627906976744,2023-04-02,2023-06-30
SME105276,105,1601.059142857143,727.3175666964326,168111.21,31216.970857142856,16935.9,3,87,6,9,7,17,9,33,14,22,1,2,0.08571428571428572,0.02857142857142857,0.05714285714285714,2024-01-06,2024-03-28
SME105307,80,3705.0292500000005,2429.777696391265,296402.34,106724.621875,50557.19,4,71,1,4,6,13,6,26,12,11,2,4,0.05,0.05,0.0125,2025-07-04,2025-09-29
SME105325,86,3078.881046511628,1002.6290623696799,264783.77,52675.58499999999,20015.59,2,73,3,8,8,5,8,31,17,13,1,3,0.09302325581395349,0.023255813953488372,0.03488372093023256,2024-12-02,2025-02-27
SME105347,125,1168.27944,817.9168033321428,146034.93,14656.016160000001,2492.13,7,112,2,4,9,16,3,33,28,17,8,11,0.032,0.056,0.016,2022-06-05,2022-08-31
SME105401,130,1407.3186923076923,646.188236221931,182951.43,11319.497076923079,3249.82,3,120,3,4,3,20,14,40,21,19,11,2,0.03076923076923077,0.023076923076923078,0.023076923076923078,2023-05-03,2023-07-31
SME105452,138,692.1982608695653,637.9490072760867,95523.36,16684.40992753623,1255.89,1,125,4,8,6,16,8,46,32,23,5,2,0.057971014492753624,0.007246376811594203,0.028985507246376812,2024-04-03,2024-06-28
SME105477,95,2790.3171578947367,1144.6825961027625,265080.13,39632.314105263154,30890.64,5,82,4,4,5,15,6,30,19,14,4,2,0.042105263157894736,0.05263157894736842,0.042105263157894736,2023-08-03,2023-10-31
SME105493,101,14674.32099009901,6411.9773490893585,1482106.42,377948.0245544554,254140.25,3,89,5,4,4,9,8,31,18,22,6,3,0.039603960396039604,0.0297029702970297,0.04950495049504951,2024-08-03,2024-10-31
SME105524,114,3783.602456140351,1365.6946759738414,431330.68,23845.829736842104,1624.48,1,101,4,8,8,11,9,29,25,22,5,5,0.07017543859649122,0.008771929824561403,0.03508771929824561,2023-01-31,2023-04-27
SME105531,54,2433.191296296296,1068.5030677365596,131392.33,29058.277777777777,18487.56,0,50,3,1,3,7,5,15,12,6,5,1,0.018518518518518517,0.0,0.05555555555555555,2023-12-04,2024-02-26
SME105554,41,3099.5753658536582,1309.1887534597477,127082.59,33095.82317073171,19032.42,0,39,1,1,4,4,3,12,4,11,0,3,0.024390243902439025,0.0,0.024390243902439025,2024-08-03,2024-10-29
SME105565,121,3023.232809917355,1500.0573228848198,365811.17,72365.7714876033,24060.37,5,107,5,4,6,19,12,37,21,19,6,1,0.03305785123966942,0.04132231404958678,0.04132231404958678,2024-01-02,2024-03-31
SME105608,136,3090.8889705882357,1361.9971991515658,420360.9,54974.95544117648,35805.58,1,125,7,3,8,23,11,34,25,25,5,5,0.022058823529411766,0.007352941176470588,0.051470588235294115,2023-05-03,2023-07-31
SME105688,39,7806.723076923077,2816.5275166577517,304462.2,38118.06717948718,18765.0,1,36,0,2,1,7,3,8,7,7,1,5,0.05128205128205128,0.02564102564102564,0.0,2023-08-05,2023-10-31
SME105722,37,11842.243783783784,2834.123096798639,438163.02,169663.36378378377,111572.25,1,33,1,2,5,4,4,15,5,2,0,2,0.05405405405405406,0.02702702702702703,0.02702702702702703,2023-03-04,2023-05-29
SME105766,75,3467.355466666667,1381.2191125119725,260051.66,42141.99653333334,14806.04,1,70,1,3,7,11,8,21,7,17,1,3,0.04,0.013333333333333334,0.013333333333333334,2023-12-02,2024-02-29
SME105797,69,2387.800144927536,936.1098374271686,164758.21,8798.593043478262,-7408.66,1,61,5,2,1,9,5,22,14,11,4,3,0.028985507246376812,0.014492753623188406,0.07246376811594203,2024-10-08,2024-12-30
SME105837,129,3381.007984496124,1260.388223551688,436150.03,68357.27496124031,46463.95,1,116,4,8,9,15,11,32,25,27,5,5,0.06201550387596899,0.007751937984496124,0.031007751937984496,2025-01-31,2025-04-29
SME105844,65,1125.487076923077,980.1235666402017,73156.66,30590.341076923076,10909.7,2,55,1,7,4,8,5,21,14,11,2,0,0.1076923076923077,0.03076923076923077,0.015384615384615385,2024-05-03,2024-07-31
SME105880,38,2223.352105263158,1044.8220678005491,84487.38,20512.08842105263,11419.8,1,33,2,2,4,4,3,11,8,8,0,0,0.05263157894736842,0.02631578947368421,0.05263157894736842,2024-12-04,2025-02-28
SME105896,132,19213.528787878786,4986.910865549218,2536185.8,149581.6572727273,29131.59,7,115,5,5,8,22,6,42,23,27,1,3,0.03787878787878788,0.05303030303030303,0.03787878787878788,2024-12-01,2025-02-28
SME105923,79,3830.546202531646,1333.3454560935788,302613.15,70450.88303797468,47616.03,3,72,2,2,5,11,2,23,14,17,3,4,0.02531645569620253,0.0379746835443038,0.02531645569620253,2024-11-03,2025-01-31
SME105974,72,1083.1068055555556,577.4923142853643,77983.69,6409.672638888889,1962.34,1,64,4,3,5,9,4,19,12,18,2,3,0.041666666666666664,0.013888888888888888,0.05555555555555555,2024-09-02,2024-11-29
SME105994,93,17656.919569892474,3495.989191387416,1642093.52,-24188.77752688172,-257096.68,0,85,4,4,5,14,5,23,16,24,2,4,0.043010752688172046,0.0,0.043010752688172046,2023-04-03,2023-06-29
SME106033,114,5229.451666666667,1879.239314613557,596157.49,95977.035,58583.51,2,93,8,11,7,14,8,32,20,21,6,6,0.09649122807017543,0.017543859649122806,0.07017543859649122,2023-12-02,2024-02-29
SME106141,84,1853.8676190476192,649.5347786947377,155724.88,3813.3155952380953,-13757.17,2,75,3,4,2,11,5,19,22,17,6,2,0.047619047619047616,0.023809523809523808,0.03571428571428571,2025-11-03,2026-01-31
SME106153,112,2054.426607142857,803.7282022225203,230095.78,37001.015,4448.8,2,100,8,2,5,7,19,35,16,22,5,3,0.017857142857142856,0.017857142857142856,0.07142857142857142,2023-11-03,2024-01-31
SME106173,87,1218.3180459770115,697.470698267308,105993.67,5324.479310344827,-7663.38,5,75,5,2,7,10,9,17,17,18,4,5,0.022988505747126436,0.05747126436781609,0.05747126436781609,2024-04-02,2024-06-30
SME106224,64,8160.74328125,3291.019366673857,522287.57,163729.01375,105894.09,3,56,1,4,5,8,6,21,9,10,2,3,0.0625,0.046875,0.015625,2023-09-02,2023-11-27
SME106229,94,2231.8063829787234,906.0754985667063,209789.8,27369.3614893617,17596.13,2,80,4,8,3,13,4,33,12,17,7,5,0.0851063829787234,0.02127659574468085,0.0425531914893617,2022-09-02,2022-11-30
SME106235,64,2518.04484375,1067.9793208211302,161154.87,13820.4175,-3435.01,3,59,1,1,3,8,6,17,19,7,2,2,0.015625,0.046875,0.015625,2024-05-04,2024-07-31
SME106246,69,1603.7691304347825,612.3740020530013,110660.06999999999,14707.936666666666,4244.32,1,62,3,3,3,9,6,25,15,7,1,3,0.043478260869565216,0.014492753623188406,0.043478260869565216,2023-11-03,2024-01-31
SME106255,103,6571.786990291263,2826.020666477947,676894.06,99443.39757281552,36895.75,3,91,3,6,5,14,4,35,15,19,5,6,0.05825242718446602,0.02912621359223301,0.02912621359223301,2024-03-03,2024-05-31
SME106260,60,8355.551166666666,2194.183521389971,501333.07,87888.74033333334,48073.35,1,54,1,4,4,8,6,17,15,7,1,2,0.06666666666666667,0.016666666666666666,0.016666666666666666,2024-09-02,2024-11-30
SME106286,50,2720.665,743.5930720776229,136033.25,11387.926399999998,-18760.51,2,45,1,2,2,9,2,12,13,5,2,5,0.04,0.04,0.02,2023-05-03,2023-07-31
SME106320,50,8675.5398,3402.901023115478,433776.99,156245.6986,97445.5,2,46,0,2,1,10,3,19,7,5,2,3,0.04,0.04,0.0,2024-12-01,2025-02-23
SME106323,119,2750.6257983193277,1281.9045942291982,327324.47,64137.66033613445,38050.47,5,106,5,3,4,15,10,34,22,23,3,8,0.025210084033613446,0.04201680672268908,0.04201680672268908,2022-08-03,2022-10-31
SME106340,38,4914.049736842106,2778.641545937158,186733.89,48130.886315789474,27074.06,0,35,0,3,2,8,4,9,7,5,1,2,0.07894736842105263,0.0,0.0,2024-02-04,2024-04-27
SME106343,75,13825.0892,7011.1103390691305,1036881.6900000001,422929.9848,352070.11,3,69,0,3,4,8,6,21,23,9,1,3,0.04,0.04,0.0,2024-11-05,2025-01-31
SME106381,122,1660.7603278688525,985.9539027059271,202612.76,25617.484098360655,1358.63,1,109,5,7,5,17,12,38,22,18,5,5,0.05737704918032787,0.00819672131147541,0.040983606557377046,2023-05-05,2023-07-31
SME106394,41,12131.949512195122,1423.7726402132316,497409.93,-56303.250731707325,-141827.54,2,36,2,1,2,7,0,13,8,7,2,2,0.024390243902439025,0.04878048780487805,0.04878048780487805,2024-01-02,2024-03-28
SME106516,97,5440.924845360824,1154.572922257686,527769.71,-42640.84505154639,-127962.54,0,91,3,3,6,15,6,23,23,13,8,3,0.030927835051546393,0.0,0.030927835051546393,2024-09-02,2024-11-30
SME106520,77,4461.153506493507,2314.931053642945,343508.82,83501.07428571428,58046.88,4,66,5,2,1,14,1,23,20,12,4,2,0.025974025974025976,0.05194805194805195,0.06493506493506493,2024-03-05,2024-05-30
SME106587,119,10931.390168067226,2272.692033616232,1300835.43,-64352.90731092437,-179688.87,0,103,9,7,4,15,11,33,25,20,6,5,0.058823529411764705,0.0,0.07563025210084033,2023-08-03,2023-10-30
SME106589,92,12448.194782608694,6786.065772691696,1145233.92,358957.0588043478,169606.06,1,81,6,4,7,12,10,22,16,16,7,2,0.043478260869565216,0.010869565217391304,0.06521739130434782,2024-10-03,2024-12-31
SME106665,79,6467.505189873418,3537.6244869145726,510932.91000000003,167030.95569620252,114481.42,6,64,3,6,8,6,10,15,19,11,2,8,0.0759493670886076,0.0759493670886076,0.0379746835443038,2024-03-04,2024-05-31
SME106669,102,1815.205392156863,1016.5884359222441,185150.95,31236.830294117648,21917.33,2,83,5,12,6,16,4,28,18,21,7,2,0.11764705882352941,0.0196078431372549,0.049019607843137254,2024-02-01,2024-04-30
SME106675,114,6930.642017543859,2514.630857821186,790093.19,198029.5894736842,65773.06,2,101,3,8,6,15,17,39,21,13,2,1,0.07017543859649122,0.017543859649122806,0.02631578947368421,2023-01-01,2023-03-31
SME106717,80,6125.981625,3356.114707344534,490078.53,135219.205625,7550.55,1,72,3,4,2,10,8,35,11,10,1,3,0.05,0.0125,0.0375,2024-04-02,2024-06-30
SME106788,116,5347.021982758621,1361.356143173749,620254.55,110233.70939655171,41601.27,4,103,4,5,7,16,7,46,17,14,5,4,0.04310344827586207,0.034482758620689655,0.034482758620689655,2024-11-03,2025-01-30
SME106829,74,13046.681351351352,4433.957329920649,965454.42,164888.66918918918,51162.97,1,65,3,5,3,14,6,23,9,15,2,2,0.06756756756756757,0.013513513513513514,0.04054054054054054,2022-12-01,2023-02-28
SME106931,122,9869.03786885246,3145.3483578190653,1204022.62,197760.95475409838,91548.66,6,101,6,9,10,18,13,38,15,11,7,10,0.07377049180327869,0.04918032786885246,0.04918032786885246,2022-12-02,2023-02-28
SME106996,127,20553.673149606297,9864.859586728671,2610316.4899999998,489578.1333070866,171180.43,4,110,5,8,4,20,11,40,22,17,8,5,0.06299212598425197,0.031496062992125984,0.03937007874015748,2023-07-03,2023-09-30
SME107001,93,11150.26247311828,1837.9796951092892,1036974.41,102140.87021505376,50022.74,2,83,3,5,8,10,6,35,11,13,4,6,0.053763440860215055,0.021505376344086023,0.03225806451612903,2023-04-03,2023-06-28
SME107046,59,5062.66813559322,3518.5877736737593,298697.42,108079.58118644067,51821.45,2,51,2,4,1,6,5,18,17,7,4,1,0.06779661016949153,0.03389830508474576,0.03389830508474576,2024-05-06,2024-07-31
SME107079,137,4936.2668613138685,1234.4050391655414,676268.5599999999,41783.08613138686,-3471.92,1,126,5,5,5,27,12,45,17,19,6,6,0.0364963503649635,0.0072992700729927005,0.0364963503649635,2025-04-02,2025-06-30
SME107131,66,3027.8540909090907,1155.6730108096215,199838.37,20618.84727272727,4728.54,1,62,1,2,3,8,5,23,11,11,5,0,0.030303030303030304,0.015151515151515152,0.015151515151515152,2024-07-03,2024-09-30
SME107171,94,4304.166382978724,1033.931836966128,404591.64,-528.0206382978722,-28411.07,4,81,4,5,9,13,10,24,20,13,2,3,0.05319148936170213,0.0425531914893617,0.0425531914893617,2023-07-05,2023-09-29
SME107193,77,15210.283116883118,5819.24567143558,1171191.8,32176.76909090909,-48092.75,1,70,2,4,6,9,7,23,16,11,2,3,0.05194805194805195,0.012987012987012988,0.025974025974025976,2022-06-03,2022-08-29
SME107222,101,8259.389207920793,2793.093928663941,834198.31,15608.268514851487,-42238.5,3,85,7,6,8,19,8,21,11,26,3,5,0.0594059405940594,0.0297029702970297,0.06930693069306931,2023-10-03,2023-12-31
SME107229,131,9887.489847328243,3088.3839246523007,1295261.17,14610.872442748092,-57497.65,3,114,4,10,7,25,9,34,26,23,2,5,0.07633587786259542,0.022900763358778626,0.030534351145038167,2022-10-03,2022-12-31
SME107254,132,3031.005681818182,926.3766997616917,400092.75,3224.0620454545456,-19008.78,5,115,5,7,9,19,11,40,31,15,3,4,0.05303030303030303,0.03787878787878788,0.03787878787878788,2022-11-03,2023-01-30
SME107275,81,10662.30987654321,4151.828671328302,863647.1,237704.8264197531,148021.38,3,70,4,4,2,4,4,31,20,10,4,6,0.04938271604938271,0.037037037037037035,0.04938271604938271,2023-09-02,2023-11-30
SME107277,108,8877.187314814815,3506.511299199564,958736.23,68383.86694444444,6786.36,8,88,2,10,5,9,8,36,27,17,3,3,0.09259259259259259,0.07407407407407407,0.018518518518518517,2023-11-04,2024-01-28
SME107313,51,2543.658823529412,894.577420378241,129726.6,35553.00352941176,19442.76,1,48,1,1,1,4,5,19,12,4,2,4,0.0196078431372549,0.0196078431372549,0.0196078431372549,2023-07-05,2023-09-30
SME107328,90,1021.0288888888889,745.2531508912649,91892.6,15657.183111111111,3640.06,1,84,1,4,8,7,4,28,19,12,5,7,0.044444444444444446,0.011111111111111112,0.011111111111111112,2025-05-03,2025-07-31
SME107422,48,2940.48625,893.0687664991297,141143.34,37878.314374999994,26155.75,4,41,0,3,1,8,5,14,9,7,0,4,0.0625,0.08333333333333333,0.0,2023-11-04,2024-01-31
SME107435,115,2257.3777391304347,1148.5338070691728,259598.44,52887.22573913044,7399.03,2,101,7,5,3,15,11,38,18,18,5,7,0.043478260869565216,0.017391304347826087,0.06086956521739131,2022-09-03,2022-11-30
SME107469,65,1718.6299999999999,1121.9362025868495,111710.95,35688.35815384615,21360.92,0,57,1,7,6,9,4,23,7,11,3,2,0.1076923076923077,0.0,0.015384615384615385,2024-07-03,2024-09-30
SME107503,112,1092.2451785714286,691.2484789941166,122331.46,18852.163928571426,11369.46,3,93,4,12,5,18,11,37,11,19,3,8,0.10714285714285714,0.026785714285714284,0.03571428571428571,2023-10-04,2023-12-31
SME107515,93,1906.1121505376343,1016.024972775778,177268.43,3750.102580645161,-7877.14,3,80,5,5,3,15,6,27,19,13,4,6,0.053763440860215055,0.03225806451612903,0.053763440860215055,2024-06-04,2024-08-31
SME107601,53,3554.175094339623,1252.0858115923427,188371.28,26580.23075471698,8141.27,2,49,0,2,4,7,1,13,11,13,3,1,0.03773584905660377,0.03773584905660377,0.0,2024-01-02,2024-03-28
SME107617,63,16458.679365079366,7418.088894868881,1036896.8,434635.24968253967,192142.4,0,58,1,4,4,5,6,25,8,12,1,2,0.06349206349206349,0.0,0.015873015873015872,2023-04-02,2023-06-29
SME107680,97,1555.9651546391751,788.1246373170106,150928.62,29605.36144329897,18451.11,3,89,1,4,7,14,7,28,16,13,6,6,0.041237113402061855,0.030927835051546393,0.010309278350515464,2023-07-03,2023-09-30
SME107767,110,1082.950090909091,786.514914986564,119124.51,37037.967363636366,23207.07,5,92,4,9,4,12,11,27,26,19,5,6,0.08181818181818182,0.045454545454545456,0.03636363636363636,2023-07-03,2023-09-30
SME107809,75,1670.9689333333333,814.1610366947191,125322.67,22421.2052,9314.12,0,69,3,3,8,11,2,26,7,11,6,4,0.04,0.0,0.04,2023-07-03,2023-09-27
SME107816,57,27001.27438596491,15027.759008174913,1539072.64,817036.2352631579,549867.22,1,51,2,3,3,9,4,18,7,8,5,3,0.05263157894736842,0.017543859649122806,0.03508771929824561,2025-06-03,2025-08-31
SME107864,87,73587.24310344829,22036.618941016626,6402090.15,661343.2310344828,289483.03,4,78,3,2,3,15,5,29,18,9,3,5,0.022988505747126436,0.04597701149425287,0.034482758620689655,2023-01-31,2023-04-30
SME108032,59,15399.611355932204,6059.463737718522,908577.0700000001,239089.08627118645,163526.9,1,50,4,4,8,11,6,15,8,9,2,0,0.06779661016949153,0.01694915254237288,0.06779661016949153,2024-09-04,2024-11-30
SME108078,124,2083.793306451613,737.2479757191517,258390.37,20475.484112903225,4934.37,5,109,4,6,5,16,13,36,23,25,3,3,0.04838709677419355,0.04032258064516129,0.03225806451612903,2023-08-03,2023-10-29
SME108117,75,3873.682933333333,1190.1697951970498,290526.22,32108.558399999998,11663.49,3,66,5,1,5,16,4,23,10,12,2,3,0.013333333333333334,0.04,0.06666666666666667,2025-07-03,2025-09-29
SME108143,116,3284.6918103448274,1962.3260192291316,381024.25,107344.5022413793,22075.69,4,96,9,7,7,12,12,36,21,15,2,11,0.0603448275862069,0.034482758620689655,0.07758620689655173,2023-10-03,2023-12-30
SME108319,56,7204.197142857142,4357.312920442311,403435.04,1248.7241071428573,-23956.3,2,47,3,4,2,4,4,15,15,12,2,2,0.07142857142857142,0.03571428571428571,0.05357142857142857,2023-04-07,2023-06-29
SME108321,62,8749.175806451613,3400.533195208739,542448.9,235645.09806451612,207406.86,4,52,2,4,3,8,7,16,14,11,2,1,0.06451612903225806,0.06451612903225806,0.03225806451612903,2024-11-03,2025-01-28
SME108368,92,4832.5397826086955,940.6812489752191,444593.66,-3859.0701086956524,-40157.89,1,86,3,2,5,19,6,28,11,16,3,4,0.021739130434782608,0.010869565217391304,0.03260869565217391,2025-11-03,2026-01-30
SME108370,98,8044.5672448979585,4206.987444707602,788367.59,307429.86204081634,200376.47,6,86,3,3,6,13,5,34,19,13,3,5,0.030612244897959183,0.061224489795918366,0.030612244897959183,2025-11-03,2026-01-31
SME108373,128,5782.505703125,2232.213071315255,740160.73,120182.72765625,60922.91,3,117,5,3,5,22,13,35,19,23,6,5,0.0234375,0.0234375,0.0390625,2024-01-02,2024-03-31
SME108402,89,9721.334606741573,4959.022068873115,865198.78,224983.01932584267,85704.93,0,78,4,7,7,10,8,27,20,12,3,2,0.07865168539325842,0.0,0.0449438202247191,2022-10-05,2022-12-29
SME108453,130,1477.247,872.5410771562783,192042.11000000002,45790.39692307692,26026.57,3,114,3,10,6,25,11,39,18,20,5,6,0.07692307692307693,0.023076923076923078,0.023076923076923078,2024-11-03,2025-01-31
SME108454,69,2895.6108695652174,1385.0088520982126,199797.15,56362.61449275362,16843.99,3,57,3,6,5,10,9,21,8,10,4,2,0.08695652173913043,0.043478260869565216,0.043478260869565216,2024-02-03,2024-04-30
SME108467,65,9026.52123076923,4724.392295231111,586723.88,152113.25092307694,78628.99,2,54,5,4,2,8,5,23,16,7,2,2,0.06153846153846154,0.03076923076923077,0.07692307692307693,2023-05-07,2023-07-30
SME108501,76,3729.211447368421,1571.1367739482594,283420.07,71904.67355263159,32628.3,1,71,1,3,4,19,8,21,16,5,2,1,0.039473684210526314,0.013157894736842105,0.013157894736842105,2025-01-04,2025-03-31
SME108502,58,13960.847931034483,5219.264695553559,809729.18,131605.0251724138,65296.53,1,55,0,2,2,10,5,16,11,11,2,1,0.034482758620689655,0.017241379310344827,0.0,2023-12-02,2024-02-29
SME108571,103,1680.1898058252425,753.2148289726348,173059.55,26764.822524271847,17975.87,6,83,7,7,6,17,12,26,19,14,4,5,0.06796116504854369,0.05825242718446602,0.06796116504854369,2023-05-03,2023-07-30
SME108579,81,10295.816913580247,2980.244540955759,833961.17,2583.535061728395,-40806.88,5,70,2,4,6,9,12,17,13,15,5,4,0.04938271604938271,0.06172839506172839,0.024691358024691357,2024-11-03,2025-01-29
SME108581,76,53658.694210526315,20804.28396427821,4078060.76,1472028.372368421,885803.8,3,66,3,4,3,5,12,25,15,10,5,1,0.05263157894736842,0.039473684210526314,0.039473684210526314,2024-01-02,2024-03-31
SME108659,84,5031.219761904762,1477.6293098850158,422622.46,29127.327857142856,-36581.48,2,71,4,7,6,21,4,18,13,13,4,5,0.08333333333333333,0.023809523809523808,0.047619047619047616,2025-04-03,2025-06-28
SME108806,37,30295.374054054057,4431.113976384279,1120928.84,217836.83297297297,139955.17,1,34,1,1,1,5,2,13,11,3,0,2,0.02702702702702703,0.02702702702702703,0.02702702702702703,2023-10-05,2023-12-28
SME108808,133,1913.5762406015037,775.4262748043632,254505.63999999998,12666.42142857143,4711.26,6,118,6,3,5,12,9,43,22,33,5,4,0.022556390977443608,0.045112781954887216,0.045112781954887216,2023-07-04,2023-09-30
SME108820,73,7459.321506849315,2379.241342106924,544530.47,83973.91794520548,29781.56,1,68,3,1,1,11,2,25,15,13,2,4,0.0136986301369863,0.0136986301369863,0.0410958904109589,2024-08-03,2024-10-31
SME108844,113,4644.904513274336,1391.781064008319,524874.21,35884.43707964602,12933.59,5,103,2,3,8,14,10,35,19,19,3,5,0.02654867256637168,0.04424778761061947,0.017699115044247787,2023-07-03,2023-09-30
SME108851,132,5399.953939393939,3099.4461144326074,712793.92,88399.75969696969,32754.74,6,111,5,10,9,18,9,31,25,24,7,9,0.07575757575757576,0.045454545454545456,0.03787878787878788,2024-12-01,2025-02-28
SME108919,97,10258.85237113402,2218.96427487098,995108.68,184226.1011340206,137529.47,1,85,8,3,3,16,11,30,20,13,2,2,0.030927835051546393,0.010309278350515464,0.08247422680412371,2024-04-02,2024-06-29
SME108942,72,3496.612777777778,2172.515150699839,251756.12,55314.565833333334,35851.02,1,66,1,4,5,12,7,15,16,13,3,1,0.05555555555555555,0.013888888888888888,0.013888888888888888,2022-11-04,2023-01-31
SME109130,106,5961.153018867924,855.5068829103539,631882.22,19841.44283018868,-12075.13,2,99,4,1,3,16,10,35,15,21,3,3,0.009433962264150943,0.018867924528301886,0.03773584905660377,2023-04-03,2023-06-29
SME109258,45,477.72577777777775,523.7562803723645,21497.66,-678.7482222222222,-2681.45,1,37,3,4,6,6,2,9,8,11,2,1,0.08888888888888889,0.022222222222222223,0.06666666666666667,2023-12-05,2024-02-29
SME109270,69,1108.8749275362318,715.4854201100593,76512.37,20445.649710144928,15333.83,3,61,1,4,5,8,4,21,13,15,2,1,0.057971014492753624,0.043478260869565216,0.014492753623188406,2024-08-04,2024-10-31
SME109293,97,11120.75824742268,6018.759282116416,1078713.55,157227.3425773196,44182.32,3,79,7,8,9,4,6,32,14,21,10,1,0.08247422680412371,0.030927835051546393,0.07216494845360824,2024-06-03,2024-08-31
SME109378,86,1902.8258139534883,690.1864939129986,163643.02,1641.5133720930232,-8509.05,1,71,7,7,6,13,3,34,16,9,1,4,0.08139534883720931,0.011627906976744186,0.08139534883720931,2024-11-03,2025-01-31
SME109399,40,2338.31275,624.684652559614,93532.51,12380.728500000001,5195.21,0,38,1,1,1,6,7,8,10,5,0,3,0.025,0.0,0.025,2023-06-03,2023-08-29
SME109418,78,3805.9552564102564,1233.2020839585878,296864.51,4394.649743589744,-24948.3,3,63,4,8,4,11,4,28,15,8,5,3,0.10256410256410256,0.038461538461538464,0.05128205128205128,2023-06-03,2023-08-30
SME109546,41,1737.5646341463414,653.1789306809336,71240.15,27902.975365853657,14834.53,2,36,1,2,0,9,3,17,5,6,1,0,0.04878048780487805,0.04878048780487805,0.024390243902439025,2023-08-03,2023-10-29
SME109598,106,526.4838679245283,450.5065192838807,55807.29,-2566.752830188679,-8716.34,2,95,4,5,5,19,4,29,19,17,11,2,0.04716981132075472,0.018867924528301886,0.03773584905660377,2025-01-31,2025-04-30
SME109794,83,3233.9465060240964,1474.913552794092,268417.56,34675.14903614458,20803.42,4,73,2,4,7,5,10,21,21,13,3,3,0.04819277108433735,0.04819277108433735,0.024096385542168676,2024-11-03,2025-01-31
SME109854,96,3106.2155208333334,1325.8350445153383,298196.69,28660.4003125,-15293.23,5,86,4,1,13,9,11,32,13,14,1,3,0.010416666666666666,0.052083333333333336,0.041666666666666664,2024-01-02,2024-03-31
SME109880,126,804.4027777777778,539.5433036806429,101354.75,-786.6738888888889,-8001.27,6,115,5,0,9,16,9,34,27,19,5,7,0.0,0.047619047619047616,0.03968253968253968,2023-01-31,2023-04-30
SME109923,58,3543.0198275862067,1868.9738425318828,205495.15,43058.364482758625,19121.54,2,47,7,2,6,10,1,20,8,10,1,2,0.034482758620689655,0.034482758620689655,0.1206896551724138,2023-09-02,2023-11-28
SME109930,61,2111.097213114754,1367.9324202120158,128776.93000000001,20493.291639344265,7574.55,2,54,2,3,7,7,1,16,15,11,0,4,0.04918032786885246,0.03278688524590164,0.03278688524590164,2023-09-03,2023-11-27
SME110176,116,4306.635344827586,1739.70883822174,499569.7,95077.72741379311,72685.09,3,103,1,9,3,20,8,32,24,23,2,4,0.07758620689655173,0.02586206896551724,0.008620689655172414,2024-07-03,2024-09-30
SME110221,130,3743.6606153846155,2270.5115194147256,486675.88,120487.73238461539,79680.23,6,114,2,8,5,22,10,28,31,26,4,4,0.06153846153846154,0.046153846153846156,0.015384615384615385,2023-07-03,2023-09-29
SME110271,108,6613.068611111112,1883.0641104096812,714211.41,136952.4049074074,61399.46,2,91,8,7,4,14,12,36,16,17,5,4,0.06481481481481481,0.018518518518518517,0.07407407407407407,2025-04-02,2025-06-30
SME110284,110,3319.678090909091,1760.3002201404731,365164.59,59915.76345454546,30574.18,2,103,1,4,10,13,9,32,24,15,2,5,0.03636363636363636,0.01818181818181818,0.00909090909090909,2024-01-02,2024-03-29
SME110316,49,1283.178775510204,795.6329136596031,62875.76,30551.481632653064,21703.88,0,43,3,3,1,8,6,17,4,10,2,1,0.061224489795918366,0.0,0.061224489795918366,2023-07-05,2023-09-28
SME110332,54,6906.177407407407,1570.4288322298505,372933.58,34089.282222222224,6648.88,3,47,3,1,5,10,4,16,8,7,1,3,0.018518518518518517,0.05555555555555555,0.05555555555555555,2023-08-05,2023-10-28
SME110344,77,4716.549090909091,1739.4116569813432,363174.28,52685.940519480515,22080.79,4,65,5,3,5,12,4,27,15,11,3,0,0.03896103896103896,0.05194805194805195,0.06493506493506493,2024-02-01,2024-04-29
SME110394,136,1487.1476470588234,1062.93426436601,202252.08,22647.384191176472,3832.76,9,112,10,5,11,16,10,38,23,26,7,5,0.03676470588235294,0.0661764705882353,0.07352941176470588,2024-07-04,2024-09-29
SME110432,69,3646.56652173913,1712.1532925399438,251613.09,59293.037826086955,33117.67,1,66,1,1,3,7,2,22,18,13,2,2,0.014492753623188406,0.014492753623188406,0.014492753623188406,2023-12-02,2024-02-29
SME110478,36,3487.5722222222225,1315.9001808216112,125552.6,31160.71638888889,21574.83,4,27,2,3,2,4,4,10,9,5,2,0,0.08333333333333333,0.1111111111111111,0.05555555555555555,2023-10-05,2023-12-28
SME110502,138,3289.634275362319,1479.9393044404128,453969.53,41354.8781884058,4594.73,5,117,5,11,14,27,15,36,18,18,4,6,0.07971014492753623,0.036231884057971016,0.036231884057971016,2022-03-03,2022-05-29
SME110516,85,2502.112705882353,1406.7146281820633,212679.58000000002,34992.48964705883,15094.49,1,77,6,1,6,13,5,23,14,17,1,6,0.011764705882352941,0.011764705882352941,0.07058823529411765,2023-05-05,2023-07-28
SME110572,136,894.3302205882353,605.1753754316513,121628.91,-1520.7666911764704,-6975.12,1,116,4,15,6,19,17,36,26,26,4,2,0.11029411764705882,0.007352941176470588,0.029411764705882353,2023-07-04,2023-09-29
SME110684,64,1339.34859375,687.9507109117794,85718.31,-245.16234375,-9909.08,2,53,1,8,1,7,3,18,18,13,0,4,0.125,0.03125,0.015625,2024-10-03,2024-12-31
SME110721,38,13038.78,4410.640069317023,495473.64,-1306.1092105263165,-60976.12,1,33,2,2,1,5,6,9,8,7,2,0,0.05263157894736842,0.02631578947368421,0.05263157894736842,2023-04-02,2023-06-19
SME110736,107,5977.575420560747,2579.3248833701086,639600.57,172026.01943925233,98187.14,5,98,3,1,9,18,8,32,16,14,4,6,0.009345794392523364,0.04672897196261682,0.028037383177570093,2024-03-04,2024-05-31
SME110809,110,3940.378,2884.449102733516,433441.58,200014.7861818182,122349.32,1,102,3,4,5,8,9,31,22,27,5,3,0.03636363636363636,0.00909090909090909,0.02727272727272727,2023-06-03,2023-08-31
SME110886,86,2818.1298837209306,1160.749095172894,242359.17,84994.20593023255,48146.92,1,76,3,6,4,8,2,36,15,17,2,2,0.06976744186046512,0.011627906976744186,0.03488372093023256,2023-07-03,2023-09-30
SME110895,50,5699.795999999999,2246.19384292357,284989.8,97099.06800000001,61290.21,1,46,0,3,3,7,5,16,9,8,0,2,0.06,0.02,0.0,2024-01-02,2024-03-31
SME110999,105,3841.248761904762,2209.25274602666,403331.12,108136.26342857143,24202.13,2,99,3,1,11,10,5,39,16,19,3,2,0.009523809523809525,0.01904761904761905,0.02857142857142857,2024-03-03,2024-05-31
SME111039,120,2009.6701666666668,888.4188610308013,241160.42,9790.74825,-3008.76,3,110,2,5,7,26,11,30,19,18,5,4,0.041666666666666664,0.025,0.016666666666666666,2023-11-03,2024-01-31
SME111074,62,3741.152258064516,1135.8919802407029,231951.44,99193.81306451613,72547.58,1,56,2,3,3,8,6,23,10,7,3,2,0.04838709677419355,0.016129032258064516,0.03225806451612903,2022-06-03,2022-08-31
SME111094,69,795.3236231884058,604.4693813146979,54877.33,18296.86115942029,13930.38,2,57,3,7,4,13,4,19,15,5,5,4,0.10144927536231885,0.028985507246376812,0.043478260869565216,2025-04-02,2025-06-26
SME111124,57,20877.284736842106,7445.534378539092,1190005.23,283111.6003508772,220198.71,4,51,2,0,4,5,7,16,11,7,5,2,0.0,0.07017543859649122,0.03508771929824561,2023-04-06,2023-06-30
SME111140,109,14125.409357798166,6378.41725457599,1539669.62,293057.65091743116,137202.13,3,94,6,6,9,8,5,34,20,24,4,5,0.05504587155963303,0.027522935779816515,0.05504587155963303,2024-12-01,2025-02-28
SME111208,102,3080.3792156862746,1190.2651718895418,314198.68,31797.222843137253,17144.42,1,94,3,4,7,16,12,22,12,21,4,8,0.0392156862745098,0.00980392156862745,0.029411764705882353,2024-06-04,2024-08-31
SME111372,61,2878.17868852459,904.9901293669367,175568.9,31521.222786885246,15117.69,1,54,2,4,5,11,7,15,11,8,4,0,0.06557377049180328,0.01639344262295082,0.03278688524590164,2024-12-02,2025-02-28
SME111443,75,2388.763466666667,799.1414705127154,179157.26,26743.510533333334,18194.78,3,66,3,3,6,11,3,29,6,14,3,3,0.04,0.04,0.04,2024-08-06,2024-10-30
SME111450,119,17454.921764705883,4447.257630373616,2077135.69,14615.799915966387,-97530.52,3,106,6,4,5,19,6,31,25,19,10,4,0.03361344537815126,0.025210084033613446,0.05042016806722689,2022-11-03,2023-01-31
