source_record_id,business_id,bill_id,supplier_id,bill_date,due_date,bill_amount,amount_paid,bill_status,payment_date,currency,source_file
BILL_000001,SME_001,SME_001-BILL-00001,SUPP_SME_001_006,07 May 2024,22/05/2024,18247.26,0.0,Overdue,,ZAR,sme_001_accounting_export.csv
BILL_000002,SME_001,SME_001-BILL-00002,SUPP_SME_001_010,26/05/2025,2025-07-25,4958.61,4958.61,Paid,19/07/2025,ZAR,sme_001_accounting_export.csv
BILL_000003,SME_001,SME_001-BILL-00003,SUPP_SME_001_002,01/08/2025,30/09/2025,12488.86,4288.61,Partially Paid,10/08/2025,ZAR,sme_001_accounting_export.csv
BILL_000004,SME_001,SME_001-BILL-00004,SUPP_SME_001_008,2024-12-05,2024-12-20,3301.29,0.0,Overdue,,ZAR,sme_001_accounting_export.csv
BILL_000005,SME_001,SME_001-BILL-00005,SUPP_SME_001_006,2024-06-05,05/07/2024,19927.36,19927.36,Paid,22/06/2024,ZAR,sme_001_accounting_export.csv
BILL_000006,SME_001,SME_001-BILL-00006,SUPP_SME_001_004,31 May 2025,2025-06-30,12218.99,12218.99,Paid,2025-07-13,ZAR,sme_001_accounting_export.csv
BILL_000007,SME_001,SME_001-BILL-00007,SUPP_SME_001_009,24/09/2025,08 Nov 2025,23817.19,23817.19,Paid,05 Nov 2025,ZAR,sme_001_accounting_export.csv
BILL_000008,SME_001,SME_001-BILL-00008,SUPP_SME_001_008,2025-07-22,20 Sep 2025,18529.62,8567.03,Partially Paid,29 Sep 2025,ZAR,sme_001_accounting_export.csv
BILL_000009,SME_001,SME_001-BILL-00009,SUPP_SME_001_001,2024-07-13,12 Aug 2024,10132.2,10132.2,Paid,04/08/2024,ZAR,sme_001_accounting_export.csv
BILL_000010,SME_001,SME_001-BILL-00010,SUPP_SME_001_004,31 Jan 2024,01 Mar 2024,4566.14,4566.14,Paid,26 Feb 2024,ZAR,sme_001_accounting_export.csv
BILL_000011,SME_001,SME_001-BILL-00011,SUPP_SME_001_008,2024-11-11,10 Jan 2025,30256.01,30256.01,Paid,18 Dec 2024,ZAR,sme_001_accounting_export.csv
BILL_000012,SME_001,SME_001-BILL-00012,SUPP_SME_001_004,26 Aug 2024,2024-10-10,25508.74,12162.68,Partially Paid,13 Oct 2024,ZAR,sme_001_accounting_export.csv
BILL_000013,SME_001,SME_001-BILL-00013,SUPP_SME_001_003,20/07/2025,2025-09-18,1800.73,1800.73,Paid,10/09/2025,ZAR,sme_001_accounting_export.csv
BILL_000014,SME_001,SME_001-BILL-00014,SUPP_SME_001_001,2024-08-19,18/09/2024,39579.94,27813.99,Partially Paid,17/09/2024,ZAR,sme_001_accounting_export.csv
BILL_000015,SME_001,SME_001-BILL-00015,SUPP_SME_001_003,2024-07-18,17/08/2024,25878.37,25878.37,Paid,22/07/2024,ZAR,sme_001_accounting_export.csv
BILL_000016,SME_001,SME_001-BILL-00016,SUPP_SME_001_003,07/12/2025,2026-01-06,8683.64,8683.64,Paid,21/01/2026,ZAR,sme_001_accounting_export.csv
BILL_000017,SME_001,SME_001-BILL-00017,SUPP_SME_001_008,2024-06-24,23/08/2024,33699.63,33699.63,Paid,22/07/2024,ZAR,sme_001_accounting_export.csv
BILL_000018,SME_001,SME_001-BILL-00018,SUPP_SME_001_005,2024-09-29,13/11/2024,35342.98,35342.98,Paid,14/11/2024,ZAR,sme_001_accounting_export.csv
BILL_000019,SME_001,SME_001-BILL-00019,SUPP_SME_001_010,30/05/2024,14/06/2024,23160.57,23160.57,Paid,14 Jun 2024,ZAR,sme_001_accounting_export.csv
BILL_000020,SME_001,SME_001-BILL-00020,SUPP_SME_001_002,06 Dec 2024,04 Feb 2025,35480.1,35480.1,Paid,28 Dec 2024,ZAR,sme_001_accounting_export.csv
BILL_000021,SME_001,SME_001-BILL-00021,SUPP_SME_001_002,02/11/2024,2024-12-02,1652.28,1066.92,Partially Paid,2024-12-01,ZAR,sme_001_accounting_export.csv
BILL_000022,SME_001,SME_001-BILL-00022,SUPP_SME_001_008,01 Oct 2025,16 Oct 2025,37834.09,37834.09,Paid,2025-10-31,ZAR,sme_001_accounting_export.csv
BILL_000023,SME_001,SME_001-BILL-00023,SUPP_SME_001_003,14/09/2024,13/11/2024,2759.54,2759.54,Paid,18 Nov 2024,ZAR,sme_001_accounting_export.csv
BILL_000024,SME_001,SME_001-BILL-00024,SUPP_SME_001_009,28/07/2024,11/09/2024,25874.41,25874.41,Paid,25 Sep 2024,ZAR,sme_001_accounting_export.csv
BILL_000025,SME_001,SME_001-BILL-00025,,06/08/2025,21/08/2025,14162.84,14162.84,Paid,2025-09-03,ZAR,sme_001_accounting_export.csv
BILL_000026,SME_001,SME_001-BILL-00026,SUPP_SME_001_004,24/09/2024,08/11/2024,2052.84,0.0,Unpaid,,ZAR,sme_001_accounting_export.csv
BILL_000027,SME_001,SME_001-BILL-00027,SUPP_SME_001_008,05 Aug 2025,2025-09-04,37206.89,0.0,Unpaid,,ZAR,sme_001_accounting_export.csv
BILL_000028,SME_001,SME_001-BILL-00028,SUPP_SME_001_002,2024-09-23,07/11/2024,5846.63,4378.77,Partially Paid,29/09/2024,ZAR,sme_001_accounting_export.csv
BILL_000029,SME_001,SME_001-BILL-00029,SUPP_SME_001_007,2024-11-03,03/12/2024,34222.9,18507.15,Partially Paid,2024-12-21,ZAR,sme_001_accounting_export.csv
BILL_000030,SME_001,SME_001-BILL-00030,,18/02/2024,04 Mar 2024,13548.63,0.0,Overdue,,ZAR,sme_001_accounting_export.csv
BILL_000031,SME_001,SME_001-BILL-00031,SUPP_SME_001_010,27 Aug 2025,26/10/2025,29775.98,29775.98,Paid,2025-08-31,ZAR,sme_001_accounting_export.csv
BILL_000032,SME_001,SME_001-BILL-00032,SUPP_SME_001_002,01 Apr 2025,16/05/2025,10541.72,10541.72,Paid,28 May 2025,ZAR,sme_001_accounting_export.csv
BILL_000033,SME_001,SME_001-BILL-00033,SUPP_SME_001_005,17/12/2025,2026-01-01,23545.64,23545.64,Paid,18/12/2025,ZAR,sme_001_accounting_export.csv
BILL_000034,SME_001,SME_001-BILL-00034,SUPP_SME_001_001,2025-08-18,02 Sep 2025,32082.38,32082.38,Paid,2025-09-16,ZAR,sme_001_accounting_export.csv
BILL_000035,SME_001,SME_001-BILL-00035,SUPP_SME_001_003,24/03/2024,2024-05-23,22864.1,22864.1,Paid,26 Apr 2024,ZAR,sme_001_accounting_export.csv
BILL_000036,SME_001,SME_001-BILL-00036,SUPP_SME_001_003,2025-09-27,2025-11-26,12608.83,9242.37,Partially Paid,2025-12-06,ZAR,sme_001_accounting_export.csv
BILL_000037,SME_001,SME_001-BILL-00037,SUPP_SME_001_010,21 Jul 2025,19/09/2025,9720.71,0.0,Overdue,,ZAR,sme_001_accounting_export.csv
BILL_000038,SME_001,SME_001-BILL-00038,SUPP_SME_001_007,24 May 2024,08 Jul 2024,7404.82,7404.82,Paid,23 Jun 2024,ZAR,sme_001_accounting_export.csv
BILL_000039,SME_001,SME_001-BILL-00039,SUPP_SME_001_002,08/04/2025,2025-05-23,33633.09,33633.09,Paid,07/06/2025,ZAR,sme_001_accounting_export.csv
BILL_000040,SME_001,SME_001-BILL-00040,SUPP_SME_001_004,03/10/2024,2024-11-02,24632.23,24632.23,Paid,2024-10-04,ZAR,sme_001_accounting_export.csv
BILL_000041,SME_001,SME_001-BILL-00041,SUPP_SME_001_003,23 Dec 2025,21 Feb 2026,20592.78,20592.78,Paid,07/02/2026,ZAR,sme_001_accounting_export.csv
BILL_000042,SME_001,SME_001-BILL-00042,SUPP_SME_001_007,2025-09-05,20/10/2025,10358.44,10358.44,Paid,26 Sep 2025,ZAR,sme_001_accounting_export.csv
BILL_000043,SME_001,SME_001-BILL-00043,SUPP_SME_001_008,15/09/2025,15 Oct 2025,17633.25,17633.25,Paid,17/09/2025,ZAR,sme_001_accounting_export.csv
BILL_000044,SME_001,SME_001-BILL-00044,,06/11/2025,06 Dec 2025,24992.48,24992.48,Paid,04 Dec 2025,ZAR,sme_001_accounting_export.csv
BILL_000045,SME_001,SME_001-BILL-00045,SUPP_SME_001_009,2024-04-12,27/04/2024,3339.33,3339.33,Paid,2024-04-19,ZAR,sme_001_accounting_export.csv
BILL_000046,SME_001,SME_001-BILL-00046,SUPP_SME_001_007,14 Oct 2024,2024-11-13,14748.24,14748.24,Paid,2024-10-30,ZAR,sme_001_accounting_export.csv
BILL_000047,SME_001,SME_001-BILL-00047,SUPP_SME_001_007,27/06/2025,11 Aug 2025,9960.39,5823.87,Partially Paid,2025-08-10,ZAR,sme_001_accounting_export.csv
BILL_000048,SME_001,SME_001-BILL-00048,SUPP_SME_001_007,2025-09-24,23/11/2025,26037.34,26037.34,Paid,03/11/2025,ZAR,sme_001_accounting_export.csv
BILL_000049,SME_001,SME_001-BILL-00049,SUPP_SME_001_003,24/03/2024,2024-04-23,24447.63,24447.63,Paid,30 Mar 2024,ZAR,sme_001_accounting_export.csv
BILL_000050,SME_001,SME_001-BILL-00050,SUPP_SME_001_009,2024-05-20,2024-07-19,12326.91,12326.91,Paid,26/06/2024,ZAR,sme_001_accounting_export.csv
BILL_000051,SME_002,SME_002-BILL-00051,SUPP_SME_002_010,19 Dec 2024,2025-02-02,2144.41,2144.41,Paid,11/01/2025,ZAR,sme_002_accounting_export.csv
BILL_000052,SME_002,SME_002-BILL-00052,SUPP_SME_002_004,19/02/2025,05/04/2025,7721.1,7721.1,Paid,02 Mar 2025,ZAR,sme_002_accounting_export.csv
BILL_000053,SME_002,SME_002-BILL-00053,SUPP_SME_002_007,27 Aug 2025,11/10/2025,6822.45,6822.45,Paid,25/09/2025,ZAR,sme_002_accounting_export.csv
BILL_000054,SME_002,SME_002-BILL-00054,SUPP_SME_002_006,14 Apr 2025,14 May 2025,22951.58,22951.58,Paid,2025-05-01,ZAR,sme_002_accounting_export.csv
BILL_000055,SME_002,SME_002-BILL-00055,SUPP_SME_002_009,04/12/2024,19/12/2024,7187.01,7187.01,Paid,15/12/2024,ZAR,sme_002_accounting_export.csv
BILL_000056,SME_002,SME_002-BILL-00056,SUPP_SME_002_003,2025-08-29,13/09/2025,19552.21,19552.21,Paid,14 Sep 2025,ZAR,sme_002_accounting_export.csv
BILL_000057,SME_002,SME_002-BILL-00057,SUPP_SME_002_007,11/10/2025,2025-11-10,24773.89,24773.89,Paid,2025-11-17,ZAR,sme_002_accounting_export.csv
BILL_000058,SME_002,SME_002-BILL-00058,SUPP_SME_002_010,01 Oct 2025,2025-11-30,35242.84,35242.84,Paid,2025-12-15,ZAR,sme_002_accounting_export.csv
BILL_000059,SME_002,SME_002-BILL-00059,SUPP_SME_002_008,2024-03-02,2024-04-01,10178.59,10178.59,Paid,24 Mar 2024,ZAR,sme_002_accounting_export.csv
BILL_000060,SME_002,SME_002-BILL-00060,SUPP_SME_002_003,25/09/2024,2024-10-10,7843.56,7843.56,Paid,18/10/2024,ZAR,sme_002_accounting_export.csv
BILL_000061,SME_002,SME_002-BILL-00061,SUPP_SME_002_009,31/07/2025,2025-09-14,7343.53,7343.53,Paid,21 Aug 2025,ZAR,sme_002_accounting_export.csv
BILL_000062,SME_002,SME_002-BILL-00062,SUPP_SME_002_010,25/07/2024,23/09/2024,14736.96,14736.96,Paid,2024-08-26,ZAR,sme_002_accounting_export.csv
BILL_000063,SME_002,SME_002-BILL-00063,SUPP_SME_002_009,15/11/2024,2024-12-15,26142.66,16640.5,Partially Paid,2024-11-21,ZAR,sme_002_accounting_export.csv
BILL_000064,SME_002,SME_002-BILL-00064,SUPP_SME_002_009,11 Feb 2025,13/03/2025,27038.57,27038.57,Paid,10 Mar 2025,ZAR,sme_002_accounting_export.csv
BILL_000065,SME_002,SME_002-BILL-00065,SUPP_SME_002_007,22/05/2025,21 Jun 2025,8833.0,8833.0,Paid,2025-06-25,ZAR,sme_002_accounting_export.csv
BILL_000066,SME_002,SME_002-BILL-00066,SUPP_SME_002_010,2025-11-05,05/12/2025,5683.72,5683.72,Paid,2025-11-08,ZAR,sme_002_accounting_export.csv
BILL_000067,SME_002,SME_002-BILL-00067,SUPP_SME_002_004,2025-01-28,12 Feb 2025,18222.78,0.0,Unpaid,,ZAR,sme_002_accounting_export.csv
BILL_000068,SME_002,SME_002-BILL-00068,SUPP_SME_002_004,17/01/2025,03 Mar 2025,6077.06,6077.06,Paid,20/02/2025,ZAR,sme_002_accounting_export.csv
BILL_000069,SME_002,SME_002-BILL-00069,SUPP_SME_002_004,2024-02-25,2024-03-26,32610.37,32610.37,Paid,06/04/2024,ZAR,sme_002_accounting_export.csv
BILL_000070,SME_002,SME_002-BILL-00070,SUPP_SME_002_004,20/07/2025,04/08/2025,3813.32,2318.0,Partially Paid,27 Jul 2025,ZAR,sme_002_accounting_export.csv
BILL_000071,SME_003,SME_003-BILL-00071,SUPP_SME_003_007,27/02/2025,28/04/2025,188519.14,0.0,Overdue,,ZAR,sme_003_accounting_export.csv
BILL_000072,SME_003,SME_003-BILL-00072,SUPP_SME_003_001,2025-01-21,07/03/2025,12576.68,12576.68,Paid,10 Feb 2025,ZAR,sme_003_accounting_export.csv
BILL_000073,SME_003,SME_003-BILL-00073,SUPP_SME_003_002,2024-04-23,2024-06-07,202132.06,123930.08,Partially Paid,2024-05-10,ZAR,sme_003_accounting_export.csv
BILL_000074,SME_003,SME_003-BILL-00074,SUPP_SME_003_001,25 Jan 2025,24 Feb 2025,157533.62,157533.62,Paid,18 Feb 2025,ZAR,sme_003_accounting_export.csv
BILL_000075,SME_003,SME_003-BILL-00075,SUPP_SME_003_002,2024-05-18,17/06/2024,81948.53,81948.53,Paid,31 May 2024,ZAR,sme_003_accounting_export.csv
BILL_000076,SME_003,SME_003-BILL-00076,SUPP_SME_003_001,12/03/2024,2024-04-26,102568.59,0.0,Overdue,,ZAR,sme_003_accounting_export.csv
BILL_000077,SME_003,SME_003-BILL-00077,SUPP_SME_003_007,2024-05-26,25/07/2024,169057.08,169057.08,Paid,21/07/2024,ZAR,sme_003_accounting_export.csv
BILL_000078,SME_003,SME_003-BILL-00078,SUPP_SME_003_005,15/10/2024,30 Oct 2024,48035.78,48035.78,Paid,19/10/2024,ZAR,sme_003_accounting_export.csv
BILL_000079,SME_003,SME_003-BILL-00079,SUPP_SME_003_009,2025-03-23,22 Apr 2025,222799.53,222799.53,Paid,19/04/2025,ZAR,sme_003_accounting_export.csv
BILL_000080,SME_003,SME_003-BILL-00080,SUPP_SME_003_001,2025-11-07,07 Dec 2025,121756.01,121756.01,Paid,15/12/2025,ZAR,sme_003_accounting_export.csv
BILL_000081,SME_003,SME_003-BILL-00081,SUPP_SME_003_006,2024-02-24,24 Apr 2024,190514.59,190514.59,Paid,2024-04-26,ZAR,sme_003_accounting_export.csv
BILL_000082,SME_003,SME_003-BILL-00082,SUPP_SME_003_004,10/06/2024,10/07/2024,127660.61,82818.86,Partially Paid,2024-07-08,ZAR,sme_003_accounting_export.csv
BILL_000083,SME_003,SME_003-BILL-00083,SUPP_SME_003_009,13 Jun 2024,2024-07-28,114165.25,114165.25,Paid,18 Jul 2024,ZAR,sme_003_accounting_export.csv
BILL_000084,SME_003,SME_003-BILL-00084,SUPP_SME_003_006,16 Nov 2025,31 Dec 2025,118464.66,54636.66,Partially Paid,2025-11-26,ZAR,sme_003_accounting_export.csv
BILL_000085,SME_003,SME_003-BILL-00085,SUPP_SME_003_005,24/12/2025,07/02/2026,92054.93,92054.93,Paid,15/02/2026,ZAR,sme_003_accounting_export.csv
BILL_000086,SME_003,SME_003-BILL-00086,,25/11/2024,2024-12-25,183723.04,183723.04,Paid,02/01/2025,ZAR,sme_003_accounting_export.csv
BILL_000087,SME_003,SME_003-BILL-00087,SUPP_SME_003_009,22/06/2024,06/08/2024,211845.81,156815.04,Partially Paid,22 Aug 2024,ZAR,sme_003_accounting_export.csv
BILL_000088,SME_003,SME_003-BILL-00088,,2025-01-09,23 Feb 2025,213890.37,213890.37,Paid,07 Mar 2025,ZAR,sme_003_accounting_export.csv
BILL_000089,SME_003,SME_003-BILL-00089,SUPP_SME_003_002,26 Apr 2025,25/06/2025,32044.14,32044.14,Paid,10/06/2025,ZAR,sme_003_accounting_export.csv
BILL_000090,SME_003,SME_003-BILL-00090,SUPP_SME_003_008,2025-04-07,22 Apr 2025,190819.24,110146.49,Partially Paid,06/05/2025,ZAR,sme_003_accounting_export.csv
BILL_000091,SME_003,SME_003-BILL-00091,SUPP_SME_003_005,15 Feb 2024,2024-03-16,51588.75,0.0,Unpaid,,ZAR,sme_003_accounting_export.csv
BILL_000092,SME_003,SME_003-BILL-00092,SUPP_SME_003_008,2025-04-17,16/06/2025,5020.23,0.0,Unpaid,,ZAR,sme_003_accounting_export.csv
BILL_000093,SME_003,SME_003-BILL-00093,SUPP_SME_003_002,2025-12-18,16 Feb 2026,70313.84,70313.84,Paid,19/01/2026,ZAR,sme_003_accounting_export.csv
BILL_000094,SME_003,SME_003-BILL-00094,SUPP_SME_003_002,13/01/2024,13/03/2024,74631.41,74631.41,Paid,30/01/2024,ZAR,sme_003_accounting_export.csv
BILL_000095,SME_003,SME_003-BILL-00095,SUPP_SME_003_009,07 May 2025,21 Jun 2025,202827.69,105370.62,Partially Paid,2025-05-30,ZAR,sme_003_accounting_export.csv
BILL_000096,SME_003,SME_003-BILL-00096,SUPP_SME_003_002,08/05/2024,07 Jul 2024,186114.29,186114.29,Paid,2024-07-12,ZAR,sme_003_accounting_export.csv
BILL_000097,SME_003,SME_003-BILL-00097,SUPP_SME_003_006,09 Mar 2025,08/05/2025,23001.77,23001.77,Paid,2025-05-14,ZAR,sme_003_accounting_export.csv
BILL_000098,SME_003,SME_003-BILL-00098,SUPP_SME_003_002,10/12/2025,24/01/2026,82838.4,82838.4,Paid,06 Jan 2026,ZAR,sme_003_accounting_export.csv
BILL_000099,SME_003,SME_003-BILL-00099,SUPP_SME_003_004,19/08/2025,03/10/2025,64322.36,0.0,Unpaid,,ZAR,sme_003_accounting_export.csv
BILL_000100,SME_003,SME_003-BILL-00100,SUPP_SME_003_002,21 Feb 2025,08/03/2025,149672.89,149672.89,Paid,2025-03-22,ZAR,sme_003_accounting_export.csv
BILL_000101,SME_003,SME_003-BILL-00101,SUPP_SME_003_004,2024-03-14,2024-04-13,136294.97,136294.97,Paid,05/04/2024,ZAR,sme_003_accounting_export.csv
BILL_000102,SME_003,SME_003-BILL-00102,SUPP_SME_003_007,2025-01-15,30 Jan 2025,170370.38,170370.38,Paid,2025-01-27,ZAR,sme_003_accounting_export.csv
BILL_000103,SME_003,SME_003-BILL-00103,SUPP_SME_003_008,24 Mar 2024,23/04/2024,227861.0,227861.0,Paid,21 Apr 2024,ZAR,sme_003_accounting_export.csv
BILL_000104,SME_003,SME_003-BILL-00104,SUPP_SME_003_008,17 Dec 2025,15 Feb 2026,106426.24,106426.24,Paid,26 Feb 2026,ZAR,sme_003_accounting_export.csv
BILL_000105,SME_003,SME_003-BILL-00105,SUPP_SME_003_001,13/09/2025,2025-11-12,164669.15,55719.69,Partially Paid,11/11/2025,ZAR,sme_003_accounting_export.csv
BILL_000106,SME_003,SME_003-BILL-00106,SUPP_SME_003_003,2025-10-04,19/10/2025,229751.42,229751.42,Paid,11 Oct 2025,ZAR,sme_003_accounting_export.csv
BILL_000107,SME_003,SME_003-BILL-00107,,2024-03-21,2024-05-20,136336.78,136336.78,Paid,21/04/2024,ZAR,sme_003_accounting_export.csv
BILL_000108,SME_003,SME_003-BILL-00108,SUPP_SME_003_007,2024-10-15,2024-12-14,78453.68,78453.68,Paid,17 Oct 2024,ZAR,sme_003_accounting_export.csv
BILL_000109,SME_003,SME_003-BILL-00109,SUPP_SME_003_006,02 Apr 2024,01/06/2024,101919.24,101919.24,Paid,2024-04-05,ZAR,sme_003_accounting_export.csv
BILL_000110,SME_003,SME_003-BILL-00110,SUPP_SME_003_001,01/02/2025,2025-02-16,189144.19,189144.19,Paid,06/02/2025,ZAR,sme_003_accounting_export.csv
BILL_000111,SME_003,SME_003-BILL-00111,SUPP_SME_003_006,03/03/2025,02 May 2025,180562.77,180562.77,Paid,18 Apr 2025,ZAR,sme_003_accounting_export.csv
BILL_000112,SME_003,SME_003-BILL-00112,,23/10/2024,2024-11-22,187607.02,100252.84,Partially Paid,01 Nov 2024,ZAR,sme_003_accounting_export.csv
BILL_000113,SME_003,SME_003-BILL-00113,,2024-02-06,07/03/2024,186337.63,69262.87,Partially Paid,24 Feb 2024,ZAR,sme_003_accounting_export.csv
BILL_000114,SME_003,SME_003-BILL-00114,SUPP_SME_003_006,2024-06-27,26 Aug 2024,230273.81,230273.81,Paid,15 Aug 2024,ZAR,sme_003_accounting_export.csv
BILL_000115,SME_003,SME_003-BILL-00115,SUPP_SME_003_003,2024-08-22,2024-10-06,191473.28,64409.43,Partially Paid,01 Oct 2024,ZAR,sme_003_accounting_export.csv
BILL_000116,SME_003,SME_003-BILL-00116,SUPP_SME_003_007,2024-01-04,04 Mar 2024,214148.4,129060.73,Partially Paid,2024-03-23,ZAR,sme_003_accounting_export.csv
BILL_000117,SME_003,SME_003-BILL-00117,SUPP_SME_003_002,29 Jul 2025,2025-09-12,144280.49,144280.49,Paid,2025-09-09,ZAR,sme_003_accounting_export.csv
BILL_000118,SME_003,SME_003-BILL-00118,SUPP_SME_003_010,2025-11-02,2025-12-02,161754.5,161754.5,Paid,08 Nov 2025,ZAR,sme_003_accounting_export.csv
BILL_000119,SME_003,SME_003-BILL-00119,SUPP_SME_003_010,04/02/2025,05/04/2025,241994.43,241994.43,Paid,2025-03-06,ZAR,sme_003_accounting_export.csv
BILL_000120,SME_003,SME_003-BILL-00120,SUPP_SME_003_006,03 Jun 2025,18 Jun 2025,217834.62,217834.62,Paid,09/06/2025,ZAR,sme_003_accounting_export.csv
BILL_000121,SME_003,SME_003-BILL-00121,SUPP_SME_003_001,10 Dec 2024,2024-12-25,194785.34,194785.34,Paid,01 Jan 2025,ZAR,sme_003_accounting_export.csv
BILL_000122,SME_003,SME_003-BILL-00122,SUPP_SME_003_008,10/11/2025,2025-12-25,172007.63,0.0,Unpaid,,ZAR,sme_003_accounting_export.csv
BILL_000123,SME_003,SME_003-BILL-00123,SUPP_SME_003_003,19 Dec 2024,18/01/2025,90912.52,90912.52,Paid,26 Dec 2024,ZAR,sme_003_accounting_export.csv
BILL_000124,SME_003,SME_003-BILL-00124,SUPP_SME_003_008,2024-12-17,16 Jan 2025,137935.14,69201.53,Partially Paid,04 Feb 2025,ZAR,sme_003_accounting_export.csv
BILL_000125,SME_003,SME_003-BILL-00125,SUPP_SME_003_006,16/12/2024,31 Dec 2024,15671.79,10543.2,Partially Paid,13/01/2025,ZAR,sme_003_accounting_export.csv
BILL_000126,SME_003,SME_003-BILL-00126,SUPP_SME_003_007,22/07/2025,2025-08-06,105209.35,105209.35,Paid,25/07/2025,ZAR,sme_003_accounting_export.csv
BILL_000127,SME_003,SME_003-BILL-00127,SUPP_SME_003_010,29 Sep 2025,2025-11-13,29750.31,17006.31,Partially Paid,05 Nov 2025,ZAR,sme_003_accounting_export.csv
BILL_000128,SME_003,SME_003-BILL-00128,SUPP_SME_003_005,29 May 2025,28/06/2025,182702.6,0.0,Unpaid,,ZAR,sme_003_accounting_export.csv
BILL_000129,SME_003,SME_003-BILL-00129,SUPP_SME_003_007,28 Mar 2025,2025-05-27,223294.77,223294.77,Paid,10/06/2025,ZAR,sme_003_accounting_export.csv
BILL_000130,SME_003,SME_003-BILL-00130,SUPP_SME_003_003,2024-12-26,24 Feb 2025,45172.58,45172.58,Paid,09/02/2025,ZAR,sme_003_accounting_export.csv
BILL_000131,SME_003,SME_003-BILL-00131,SUPP_SME_003_001,2024-04-21,05 Jun 2024,62929.48,62929.48,Paid,06/06/2024,ZAR,sme_003_accounting_export.csv
BILL_000132,SME_003,SME_003-BILL-00132,SUPP_SME_003_005,29 Jul 2025,12/09/2025,214531.27,214531.27,Paid,17/08/2025,ZAR,sme_003_accounting_export.csv
BILL_000133,SME_003,SME_003-BILL-00133,SUPP_SME_003_009,06/05/2025,05/07/2025,147286.38,49277.74,Partially Paid,10 Jun 2025,ZAR,sme_003_accounting_export.csv
BILL_000134,SME_003,SME_003-BILL-00134,SUPP_SME_003_010,2024-12-14,29 Dec 2024,147900.6,108038.0,Partially Paid,17/01/2025,ZAR,sme_003_accounting_export.csv
BILL_000135,SME_003,SME_003-BILL-00135,SUPP_SME_003_004,31 Aug 2025,15 Oct 2025,141593.34,89935.34,Partially Paid,07 Oct 2025,ZAR,sme_003_accounting_export.csv
BILL_000136,SME_003,SME_003-BILL-00136,SUPP_SME_003_010,08/01/2025,2025-02-07,56128.67,56128.67,Paid,2025-01-09,ZAR,sme_003_accounting_export.csv
BILL_000137,SME_003,SME_003-BILL-00137,SUPP_SME_003_006,14 Oct 2025,2025-12-13,62339.15,62339.15,Paid,03/12/2025,ZAR,sme_003_accounting_export.csv
BILL_000138,SME_003,SME_003-BILL-00138,SUPP_SME_003_003,2024-02-05,2024-04-05,237511.49,237511.49,Paid,02 Apr 2024,ZAR,sme_003_accounting_export.csv
BILL_000139,SME_003,SME_003-BILL-00139,SUPP_SME_003_002,2025-12-30,2026-01-29,181420.6,181420.6,Paid,04 Feb 2026,ZAR,sme_003_accounting_export.csv
BILL_000140,SME_003,SME_003-BILL-00140,SUPP_SME_003_004,24/09/2025,2025-11-23,24427.75,24427.75,Paid,2025-11-25,ZAR,sme_003_accounting_export.csv
BILL_000141,SME_004,SME_004-BILL-00141,SUPP_SME_004_007,23/07/2024,21/09/2024,9306.06,9306.06,Paid,25/08/2024,ZAR,sme_004_accounting_export.csv
BILL_000142,SME_004,SME_004-BILL-00142,SUPP_SME_004_001,01/01/2024,01/03/2024,25271.06,25271.06,Paid,16 Mar 2024,ZAR,sme_004_accounting_export.csv
BILL_000143,SME_004,SME_004-BILL-00143,SUPP_SME_004_008,29/11/2024,2025-01-28,11696.88,7925.19,Partially Paid,28/12/2024,ZAR,sme_004_accounting_export.csv
BILL_000144,SME_004,SME_004-BILL-00144,SUPP_SME_004_005,23 Sep 2024,22 Nov 2024,10443.48,4078.72,Partially Paid,2024-10-29,ZAR,sme_004_accounting_export.csv
BILL_000145,SME_004,SME_004-BILL-00145,SUPP_SME_004_009,27/08/2025,11 Oct 2025,8492.75,8492.75,Paid,2025-09-24,ZAR,sme_004_accounting_export.csv
BILL_000146,SME_004,SME_004-BILL-00146,SUPP_SME_004_002,2025-11-07,2025-11-22,7836.21,4175.66,Partially Paid,28/11/2025,ZAR,sme_004_accounting_export.csv
BILL_000147,SME_004,SME_004-BILL-00147,SUPP_SME_004_007,05/08/2024,2024-08-20,24726.56,24726.56,Paid,24/08/2024,ZAR,sme_004_accounting_export.csv
BILL_000148,SME_004,SME_004-BILL-00148,SUPP_SME_004_009,2024-10-05,04/12/2024,36281.03,25489.74,Partially Paid,2024-10-14,ZAR,sme_004_accounting_export.csv
BILL_000149,SME_004,SME_004-BILL-00149,SUPP_SME_004_008,02 Apr 2024,2024-05-17,14764.71,14764.71,Paid,2024-05-26,ZAR,sme_004_accounting_export.csv
BILL_000150,SME_004,SME_004-BILL-00150,SUPP_SME_004_001,27/01/2024,2024-02-11,5299.59,0.0,Unpaid,,ZAR,sme_004_accounting_export.csv
BILL_000151,SME_004,SME_004-BILL-00151,SUPP_SME_004_004,15 Jun 2025,30/07/2025,5409.82,5409.82,Paid,14 Jul 2025,ZAR,sme_004_accounting_export.csv
BILL_000152,SME_004,SME_004-BILL-00152,SUPP_SME_004_004,23 May 2025,07 Jul 2025,37380.74,37380.74,Paid,2025-06-18,ZAR,sme_004_accounting_export.csv
BILL_000153,SME_004,SME_004-BILL-00153,SUPP_SME_004_006,21 Jul 2025,04/09/2025,21385.05,21385.05,Paid,28/07/2025,ZAR,sme_004_accounting_export.csv
BILL_000154,SME_004,SME_004-BILL-00154,SUPP_SME_004_006,10/03/2024,2024-04-09,18918.28,18918.28,Paid,23 Mar 2024,ZAR,sme_004_accounting_export.csv
BILL_000155,SME_004,SME_004-BILL-00155,SUPP_SME_004_002,2025-07-08,2025-08-22,35684.28,35684.28,Paid,23 Aug 2025,ZAR,sme_004_accounting_export.csv
BILL_000156,SME_004,SME_004-BILL-00156,SUPP_SME_004_001,02 Nov 2025,17/11/2025,20530.96,20530.96,Paid,2025-11-14,ZAR,sme_004_accounting_export.csv
BILL_000157,SME_004,SME_004-BILL-00157,SUPP_SME_004_008,08 Nov 2025,23 Dec 2025,19483.66,19483.66,Paid,20 Nov 2025,ZAR,sme_004_accounting_export.csv
BILL_000158,SME_004,SME_004-BILL-00158,SUPP_SME_004_009,26 Aug 2025,10 Sep 2025,37102.78,14942.08,Partially Paid,24/09/2025,ZAR,sme_004_accounting_export.csv
BILL_000159,SME_004,SME_004-BILL-00159,SUPP_SME_004_001,26 Nov 2025,25/01/2026,19241.14,0.0,Overdue,,ZAR,sme_004_accounting_export.csv
BILL_000160,SME_004,SME_004-BILL-00160,SUPP_SME_004_005,2024-06-18,02 Aug 2024,15942.96,0.0,Unpaid,,ZAR,sme_004_accounting_export.csv
BILL_000161,SME_004,SME_004-BILL-00161,SUPP_SME_004_005,05 Aug 2024,04 Oct 2024,23475.65,23475.65,Paid,13 Oct 2024,ZAR,sme_004_accounting_export.csv
BILL_000162,SME_004,SME_004-BILL-00162,SUPP_SME_004_004,2024-07-18,02 Aug 2024,39100.65,39100.65,Paid,04 Aug 2024,ZAR,sme_004_accounting_export.csv
BILL_000163,SME_004,SME_004-BILL-00163,SUPP_SME_004_001,2025-11-11,11/12/2025,38571.25,38571.25,Paid,25/12/2025,ZAR,sme_004_accounting_export.csv
BILL_000164,SME_004,SME_004-BILL-00164,SUPP_SME_004_009,2024-09-05,05 Oct 2024,31136.26,15953.15,Partially Paid,02/10/2024,ZAR,sme_004_accounting_export.csv
BILL_000165,SME_004,SME_004-BILL-00165,SUPP_SME_004_008,30 Apr 2024,30/05/2024,20221.59,20221.59,Paid,2024-05-07,ZAR,sme_004_accounting_export.csv
BILL_000166,SME_004,SME_004-BILL-00166,SUPP_SME_004_010,2024-12-15,13 Feb 2025,35317.74,17047.74,Partially Paid,15 Feb 2025,ZAR,sme_004_accounting_export.csv
BILL_000167,SME_004,SME_004-BILL-00167,SUPP_SME_004_009,26/07/2025,25/08/2025,17065.63,11835.99,Partially Paid,03/08/2025,ZAR,sme_004_accounting_export.csv
BILL_000168,SME_004,SME_004-BILL-00168,SUPP_SME_004_003,2024-10-03,18 Oct 2024,25785.65,25785.65,Paid,2024-10-23,ZAR,sme_004_accounting_export.csv
BILL_000169,SME_004,SME_004-BILL-00169,SUPP_SME_004_008,2024-08-02,01 Oct 2024,7587.36,7587.36,Paid,28 Sep 2024,ZAR,sme_004_accounting_export.csv
BILL_000170,SME_004,SME_004-BILL-00170,SUPP_SME_004_006,22/06/2024,06/08/2024,26620.86,13642.31,Partially Paid,2024-08-25,ZAR,sme_004_accounting_export.csv
BILL_000171,SME_004,SME_004-BILL-00171,SUPP_SME_004_005,12 Jul 2024,10/09/2024,11406.18,11406.18,Paid,2024-09-04,ZAR,sme_004_accounting_export.csv
BILL_000172,SME_004,SME_004-BILL-00172,SUPP_SME_004_003,12/12/2025,26/01/2026,30984.24,30984.24,Paid,10 Jan 2026,ZAR,sme_004_accounting_export.csv
BILL_000173,SME_004,SME_004-BILL-00173,SUPP_SME_004_003,03/11/2024,2024-12-18,16854.59,16854.59,Paid,26 Dec 2024,ZAR,sme_004_accounting_export.csv
BILL_000174,SME_004,SME_004-BILL-00174,SUPP_SME_004_002,2025-03-05,20/03/2025,16237.19,10836.17,Partially Paid,21 Mar 2025,ZAR,sme_004_accounting_export.csv
BILL_000175,SME_004,SME_004-BILL-00175,SUPP_SME_004_006,2025-03-19,18/05/2025,29989.82,0.0,Unpaid,,ZAR,sme_004_accounting_export.csv
BILL_000176,SME_004,SME_004-BILL-00176,SUPP_SME_004_001,15 Apr 2025,14/06/2025,17300.09,17300.09,Paid,2025-06-08,ZAR,sme_004_accounting_export.csv
BILL_000177,SME_004,SME_004-BILL-00177,,07 Nov 2025,06 Jan 2026,28703.84,19544.14,Partially Paid,2026-01-19,ZAR,sme_004_accounting_export.csv
BILL_000178,SME_004,SME_004-BILL-00178,SUPP_SME_004_006,31 May 2025,2025-06-30,34275.09,0.0,Unpaid,,ZAR,sme_004_accounting_export.csv
BILL_000179,SME_004,SME_004-BILL-00179,SUPP_SME_004_005,30 Jun 2024,29 Aug 2024,5906.71,5906.71,Paid,24/08/2024,ZAR,sme_004_accounting_export.csv
BILL_000180,SME_004,SME_004-BILL-00180,SUPP_SME_004_010,2025-01-20,2025-02-19,19421.41,19421.41,Paid,03/02/2025,ZAR,sme_004_accounting_export.csv
BILL_000181,SME_004,SME_004-BILL-00181,SUPP_SME_004_001,30/09/2025,2025-11-14,37824.01,37824.01,Paid,19/11/2025,ZAR,sme_004_accounting_export.csv
BILL_000182,SME_004,SME_004-BILL-00182,SUPP_SME_004_009,11 Dec 2024,2025-02-09,32581.17,23535.18,Partially Paid,02 Jan 2025,ZAR,sme_004_accounting_export.csv
BILL_000183,SME_004,SME_004-BILL-00183,SUPP_SME_004_007,2024-07-26,25 Aug 2024,38957.68,0.0,Unpaid,,ZAR,sme_004_accounting_export.csv
BILL_000184,SME_004,SME_004-BILL-00184,SUPP_SME_004_007,21 Jun 2025,20/08/2025,34482.18,21443.28,Partially Paid,30 Aug 2025,ZAR,sme_004_accounting_export.csv
BILL_000185,SME_004,SME_004-BILL-00185,SUPP_SME_004_004,13 Sep 2024,12/11/2024,12753.68,12753.68,Paid,2024-10-07,ZAR,sme_004_accounting_export.csv
BILL_000186,SME_004,SME_004-BILL-00186,SUPP_SME_004_008,02 Aug 2024,2024-09-16,7576.53,7576.53,Paid,20/08/2024,ZAR,sme_004_accounting_export.csv
BILL_000187,SME_004,SME_004-BILL-00187,SUPP_SME_004_002,23 Jun 2025,2025-07-08,8816.4,8816.4,Paid,2025-07-21,ZAR,sme_004_accounting_export.csv
BILL_000188,SME_004,SME_004-BILL-00188,SUPP_SME_004_003,08 Aug 2025,2025-09-22,9067.26,9067.26,Paid,2025-09-28,ZAR,sme_004_accounting_export.csv
BILL_000189,SME_004,SME_004-BILL-00189,SUPP_SME_004_006,2025-06-06,21 Jun 2025,3491.59,2248.34,Partially Paid,08 Jul 2025,ZAR,sme_004_accounting_export.csv
BILL_000190,SME_004,SME_004-BILL-00190,SUPP_SME_004_006,13/09/2024,2024-09-28,36318.41,0.0,Overdue,,ZAR,sme_004_accounting_export.csv
BILL_000191,SME_004,SME_004-BILL-00191,SUPP_SME_004_004,2025-07-06,05/08/2025,20350.67,20350.67,Paid,2025-08-09,ZAR,sme_004_accounting_export.csv
BILL_000192,SME_004,SME_004-BILL-00192,,2024-02-22,23 Mar 2024,4500.21,4500.21,Paid,2024-03-08,ZAR,sme_004_accounting_export.csv
BILL_000193,SME_004,SME_004-BILL-00193,SUPP_SME_004_001,17/03/2025,16/05/2025,30624.34,30624.34,Paid,25 Apr 2025,ZAR,sme_004_accounting_export.csv
BILL_000194,SME_004,SME_004-BILL-00194,SUPP_SME_004_009,13 Jul 2025,11 Sep 2025,13362.81,13362.81,Paid,26/07/2025,ZAR,sme_004_accounting_export.csv
BILL_000195,SME_004,SME_004-BILL-00195,SUPP_SME_004_006,2025-10-31,30 Nov 2025,3305.98,3305.98,Paid,10/11/2025,ZAR,sme_004_accounting_export.csv
BILL_000196,SME_004,SME_004-BILL-00196,SUPP_SME_004_004,25/06/2024,24/08/2024,7995.38,0.0,Overdue,,ZAR,sme_004_accounting_export.csv
BILL_000197,SME_004,SME_004-BILL-00197,SUPP_SME_004_009,2025-01-30,2025-02-14,26473.22,26473.22,Paid,2025-02-16,ZAR,sme_004_accounting_export.csv
BILL_000198,SME_004,SME_004-BILL-00198,SUPP_SME_004_005,13/08/2025,12/09/2025,31863.25,17364.47,Partially Paid,29 Aug 2025,ZAR,sme_004_accounting_export.csv
BILL_000199,SME_004,SME_004-BILL-00199,SUPP_SME_004_001,06 Aug 2024,05/10/2024,10520.23,10520.23,Paid,26/09/2024,ZAR,sme_004_accounting_export.csv
BILL_000200,SME_004,SME_004-BILL-00200,SUPP_SME_004_003,12 Feb 2024,2024-02-27,23293.8,23293.8,Paid,2024-03-07,ZAR,sme_004_accounting_export.csv
BILL_000201,SME_004,SME_004-BILL-00201,SUPP_SME_004_005,31 Jul 2024,29/09/2024,534.47,534.47,Paid,07/08/2024,ZAR,sme_004_accounting_export.csv
BILL_000202,SME_004,SME_004-BILL-00202,SUPP_SME_004_004,07/08/2025,22 Aug 2025,11496.31,11496.31,Paid,21 Aug 2025,ZAR,sme_004_accounting_export.csv
BILL_000203,SME_004,SME_004-BILL-00203,SUPP_SME_004_002,15/08/2024,30/08/2024,7674.54,7674.54,Paid,2024-08-19,ZAR,sme_004_accounting_export.csv
BILL_000204,SME_004,SME_004-BILL-00204,SUPP_SME_004_006,19/01/2025,20/03/2025,3523.58,3523.58,Paid,2025-02-07,ZAR,sme_004_accounting_export.csv
BILL_000205,SME_004,SME_004-BILL-00205,SUPP_SME_004_007,2024-10-24,2024-11-08,19613.86,19613.86,Paid,04 Nov 2024,ZAR,sme_004_accounting_export.csv
BILL_000206,SME_004,SME_004-BILL-00206,SUPP_SME_004_009,26/12/2024,2025-01-10,25425.11,8818.48,Partially Paid,2024-12-31,ZAR,sme_004_accounting_export.csv
BILL_000207,SME_004,SME_004-BILL-00207,SUPP_SME_004_007,2025-01-26,27/03/2025,2331.87,1475.84,Partially Paid,07/02/2025,ZAR,sme_004_accounting_export.csv
BILL_000208,SME_004,SME_004-BILL-00208,SUPP_SME_004_006,2025-08-28,12 Sep 2025,5946.7,5946.7,Paid,12 Sep 2025,ZAR,sme_004_accounting_export.csv
BILL_000209,SME_004,SME_004-BILL-00209,SUPP_SME_004_003,01/10/2025,16/10/2025,37325.5,0.0,Overdue,,ZAR,sme_004_accounting_export.csv
BILL_000210,SME_004,SME_004-BILL-00210,SUPP_SME_004_009,15/03/2024,30/03/2024,9312.96,9312.96,Paid,05/04/2024,ZAR,sme_004_accounting_export.csv
BILL_000211,SME_004,SME_004-BILL-00211,SUPP_SME_004_003,14 Aug 2024,13/09/2024,30519.52,0.0,Overdue,,ZAR,sme_004_accounting_export.csv
BILL_000212,SME_004,SME_004-BILL-00212,SUPP_SME_004_005,2024-06-05,05/07/2024,30035.53,16744.99,Partially Paid,2024-07-02,ZAR,sme_004_accounting_export.csv
BILL_000213,SME_004,SME_004-BILL-00213,SUPP_SME_004_009,10/03/2024,2024-03-25,13202.51,13202.51,Paid,2024-04-04,ZAR,sme_004_accounting_export.csv
BILL_000214,SME_004,SME_004-BILL-00214,SUPP_SME_004_007,06/09/2024,2024-09-21,8562.62,0.0,Unpaid,,ZAR,sme_004_accounting_export.csv
BILL_000215,SME_004,SME_004-BILL-00215,SUPP_SME_004_002,15/09/2024,2024-10-30,10136.05,10136.05,Paid,30/09/2024,ZAR,sme_004_accounting_export.csv
BILL_000216,SME_004,SME_004-BILL-00216,SUPP_SME_004_003,11 Apr 2025,26 May 2025,22853.01,22853.01,Paid,29 May 2025,ZAR,sme_004_accounting_export.csv
BILL_000217,SME_004,SME_004-BILL-00217,,2024-06-18,02 Aug 2024,15555.78,8719.72,Partially Paid,03 Jul 2024,ZAR,sme_004_accounting_export.csv
BILL_000218,SME_004,SME_004-BILL-00218,SUPP_SME_004_009,16 Jul 2025,31 Jul 2025,20074.83,20074.83,Paid,06/08/2025,ZAR,sme_004_accounting_export.csv
BILL_000219,SME_004,SME_004-BILL-00219,,2024-05-22,06/06/2024,32558.69,22557.4,Partially Paid,13 Jun 2024,ZAR,sme_004_accounting_export.csv
BILL_000220,SME_004,SME_004-BILL-00220,SUPP_SME_004_001,16/03/2025,15 Apr 2025,20340.71,20340.71,Paid,2025-03-19,ZAR,sme_004_accounting_export.csv
BILL_000221,SME_004,SME_004-BILL-00221,SUPP_SME_004_010,30/12/2025,2026-01-29,39811.54,39811.54,Paid,2026-02-07,ZAR,sme_004_accounting_export.csv
BILL_000222,SME_004,SME_004-BILL-00222,SUPP_SME_004_010,09/09/2024,2024-10-09,26800.44,26800.44,Paid,2024-09-20,ZAR,sme_004_accounting_export.csv
BILL_000223,SME_004,SME_004-BILL-00223,SUPP_SME_004_004,28/07/2025,27 Aug 2025,8686.28,8686.28,Paid,16/08/2025,ZAR,sme_004_accounting_export.csv
BILL_000224,SME_004,SME_004-BILL-00224,SUPP_SME_004_003,29 Dec 2024,12 Feb 2025,20230.99,20230.99,Paid,05/02/2025,ZAR,sme_004_accounting_export.csv
BILL_000225,SME_004,SME_004-BILL-00225,SUPP_SME_004_005,2025-06-21,06/07/2025,32630.0,32630.0,Paid,22 Jun 2025,ZAR,sme_004_accounting_export.csv
BILL_000226,SME_004,SME_004-BILL-00226,SUPP_SME_004_001,25/02/2025,2025-03-27,9122.91,5162.22,Partially Paid,04/03/2025,ZAR,sme_004_accounting_export.csv
BILL_000227,SME_004,SME_004-BILL-00227,SUPP_SME_004_006,2025-11-18,17 Jan 2026,29312.17,29312.17,Paid,2025-12-31,ZAR,sme_004_accounting_export.csv
BILL_000228,SME_004,SME_004-BILL-00228,SUPP_SME_004_001,04/08/2024,03/10/2024,1821.24,1821.24,Paid,18/08/2024,ZAR,sme_004_accounting_export.csv
BILL_000229,SME_004,SME_004-BILL-00229,SUPP_SME_004_002,20/09/2024,2024-11-19,37734.04,37734.04,Paid,20/10/2024,ZAR,sme_004_accounting_export.csv
BILL_000230,SME_004,SME_004-BILL-00230,SUPP_SME_004_007,14 Sep 2024,29 Sep 2024,26702.79,26702.79,Paid,07 Oct 2024,ZAR,sme_004_accounting_export.csv
BILL_000231,SME_004,SME_004-BILL-00231,SUPP_SME_004_008,2025-12-05,19/01/2026,6921.53,0.0,Overdue,,ZAR,sme_004_accounting_export.csv
BILL_000232,SME_004,SME_004-BILL-00232,SUPP_SME_004_001,27/10/2024,2024-12-11,35034.64,35034.64,Paid,2024-11-22,ZAR,sme_004_accounting_export.csv
BILL_000233,SME_004,SME_004-BILL-00233,SUPP_SME_004_003,2025-02-07,08 Apr 2025,3731.92,2408.47,Partially Paid,2025-04-13,ZAR,sme_004_accounting_export.csv
BILL_000234,SME_004,SME_004-BILL-00234,SUPP_SME_004_009,10 Jul 2025,2025-07-25,16534.19,16534.19,Paid,27/07/2025,ZAR,sme_004_accounting_export.csv
BILL_000235,SME_004,SME_004-BILL-00235,SUPP_SME_004_006,2024-05-15,29/06/2024,29609.5,29609.5,Paid,2024-05-29,ZAR,sme_004_accounting_export.csv
BILL_000236,SME_004,SME_004-BILL-00236,SUPP_SME_004_008,20/05/2024,2024-07-19,37527.56,37527.56,Paid,02 Jul 2024,ZAR,sme_004_accounting_export.csv
BILL_000237,SME_004,SME_004-BILL-00237,SUPP_SME_004_004,16 Mar 2025,15 May 2025,14278.01,14278.01,Paid,2025-05-27,ZAR,sme_004_accounting_export.csv
BILL_000238,SME_004,SME_004-BILL-00238,SUPP_SME_004_006,2025-03-13,12/04/2025,33305.19,33305.19,Paid,16 Apr 2025,ZAR,sme_004_accounting_export.csv
BILL_000239,SME_004,SME_004-BILL-00239,SUPP_SME_004_005,2025-07-20,04 Aug 2025,8271.71,8271.71,Paid,28 Jul 2025,ZAR,sme_004_accounting_export.csv
BILL_000240,SME_004,SME_004-BILL-00240,SUPP_SME_004_006,2024-08-23,22 Sep 2024,1886.86,1886.86,Paid,02/10/2024,ZAR,sme_004_accounting_export.csv
BILL_000241,SME_004,SME_004-BILL-00241,SUPP_SME_004_004,2024-05-18,17 Jul 2024,1636.06,1636.06,Paid,26 Jul 2024,ZAR,sme_004_accounting_export.csv
BILL_000242,SME_004,SME_004-BILL-00242,SUPP_SME_004_005,24 Apr 2025,24 May 2025,26497.73,26497.73,Paid,26/04/2025,ZAR,sme_004_accounting_export.csv
BILL_000243,SME_004,SME_004-BILL-00243,SUPP_SME_004_004,07 Nov 2024,06 Jan 2025,6591.19,0.0,Overdue,,ZAR,sme_004_accounting_export.csv
BILL_000244,SME_004,SME_004-BILL-00244,SUPP_SME_004_007,05/04/2025,04 Jun 2025,2487.81,2487.81,Paid,2025-04-11,ZAR,sme_004_accounting_export.csv
BILL_000245,SME_004,SME_004-BILL-00245,SUPP_SME_004_006,09 Sep 2025,24/10/2025,39081.53,39081.53,Paid,30/10/2025,ZAR,sme_004_accounting_export.csv
BILL_000246,SME_004,SME_004-BILL-00246,SUPP_SME_004_005,2024-08-26,25/10/2024,10059.48,10059.48,Paid,31/08/2024,ZAR,sme_004_accounting_export.csv
BILL_000247,SME_004,SME_004-BILL-00247,SUPP_SME_004_001,29 Jul 2024,27 Sep 2024,18770.9,18770.9,Paid,2024-10-12,ZAR,sme_004_accounting_export.csv
BILL_000248,SME_004,SME_004-BILL-00248,SUPP_SME_004_010,27 Oct 2024,11/11/2024,24716.7,12941.93,Partially Paid,2024-11-29,ZAR,sme_004_accounting_export.csv
BILL_000249,SME_004,SME_004-BILL-00249,SUPP_SME_004_009,02 Feb 2024,02 Apr 2024,6206.01,4408.49,Partially Paid,20/02/2024,ZAR,sme_004_accounting_export.csv
BILL_000250,SME_004,SME_004-BILL-00250,SUPP_SME_004_010,08 Nov 2025,2026-01-07,14608.17,8835.66,Partially Paid,06/01/2026,ZAR,sme_004_accounting_export.csv
BILL_000251,SME_004,SME_004-BILL-00251,SUPP_SME_004_002,2024-11-23,2025-01-22,26084.42,26084.42,Paid,15/01/2025,ZAR,sme_004_accounting_export.csv
BILL_000252,SME_004,SME_004-BILL-00252,SUPP_SME_004_007,04/07/2025,2025-08-18,25770.59,25770.59,Paid,2025-08-09,ZAR,sme_004_accounting_export.csv
BILL_000253,SME_004,SME_004-BILL-00253,SUPP_SME_004_009,2025-01-29,15 Mar 2025,33761.26,20675.65,Partially Paid,2025-03-10,ZAR,sme_004_accounting_export.csv
BILL_000254,SME_004,SME_004-BILL-00254,SUPP_SME_004_003,19/06/2024,18 Aug 2024,17778.19,10323.91,Partially Paid,31 Aug 2024,ZAR,sme_004_accounting_export.csv
BILL_000255,SME_004,SME_004-BILL-00255,,19 Aug 2025,03/09/2025,35648.19,35648.19,Paid,2025-09-01,ZAR,sme_004_accounting_export.csv
BILL_000256,SME_004,SME_004-BILL-00256,SUPP_SME_004_006,2025-12-13,27/01/2026,27446.61,27446.61,Paid,18 Jan 2026,ZAR,sme_004_accounting_export.csv
BILL_000257,SME_004,SME_004-BILL-00257,SUPP_SME_004_004,2024-08-20,04 Sep 2024,22703.16,9652.14,Partially Paid,08/09/2024,ZAR,sme_004_accounting_export.csv
BILL_000258,SME_004,SME_004-BILL-00258,SUPP_SME_004_002,12/01/2025,13 Mar 2025,5126.9,0.0,Unpaid,,ZAR,sme_004_accounting_export.csv
BILL_000259,SME_004,SME_004-BILL-00259,SUPP_SME_004_005,18 Sep 2024,02/11/2024,23200.8,23200.8,Paid,2024-11-17,ZAR,sme_004_accounting_export.csv
BILL_000260,SME_004,SME_004-BILL-00260,SUPP_SME_004_007,2024-01-05,2024-01-20,23989.54,10130.25,Partially Paid,2024-02-04,ZAR,sme_004_accounting_export.csv
BILL_000261,SME_004,SME_004-BILL-00261,SUPP_SME_004_010,05/05/2024,2024-05-20,30472.77,13424.99,Partially Paid,03 Jun 2024,ZAR,sme_004_accounting_export.csv
BILL_000262,SME_004,SME_004-BILL-00262,SUPP_SME_004_006,24 Feb 2025,26/03/2025,28905.99,28905.99,Paid,2025-04-01,ZAR,sme_004_accounting_export.csv
BILL_000263,SME_004,SME_004-BILL-00263,SUPP_SME_004_010,09 Apr 2025,09 May 2025,21434.22,8924.79,Partially Paid,2025-05-21,ZAR,sme_004_accounting_export.csv
BILL_000264,SME_004,SME_004-BILL-00264,SUPP_SME_004_004,18/01/2025,02/02/2025,23916.75,14085.4,Partially Paid,11 Feb 2025,ZAR,sme_004_accounting_export.csv
BILL_000265,SME_004,SME_004-BILL-00265,SUPP_SME_004_008,25 Nov 2024,09 Jan 2025,31007.54,31007.54,Paid,19 Dec 2024,ZAR,sme_004_accounting_export.csv
BILL_000266,SME_004,SME_004-BILL-00266,SUPP_SME_004_006,2024-09-06,05 Nov 2024,14381.89,0.0,Unpaid,,ZAR,sme_004_accounting_export.csv
BILL_000267,SME_004,SME_004-BILL-00267,SUPP_SME_004_007,13 Dec 2025,12/01/2026,5831.36,5831.36,Paid,20/01/2026,ZAR,sme_004_accounting_export.csv
BILL_000268,SME_004,SME_004-BILL-00268,,03 May 2024,2024-06-17,35034.83,35034.83,Paid,29/05/2024,ZAR,sme_004_accounting_export.csv
BILL_000269,SME_004,SME_004-BILL-00269,SUPP_SME_004_001,2024-10-23,22/11/2024,38618.24,16054.89,Partially Paid,2024-11-07,ZAR,sme_004_accounting_export.csv
BILL_000270,SME_004,SME_004-BILL-00270,SUPP_SME_004_008,24/07/2024,2024-08-08,17457.54,17457.54,Paid,06/08/2024,ZAR,sme_004_accounting_export.csv
BILL_000271,SME_004,SME_004-BILL-00271,SUPP_SME_004_010,01 Jan 2024,01 Mar 2024,39617.24,39617.24,Paid,21 Jan 2024,ZAR,sme_004_accounting_export.csv
BILL_000272,SME_004,SME_004-BILL-00272,SUPP_SME_004_006,2025-04-24,09/05/2025,13246.45,13246.45,Paid,01/05/2025,ZAR,sme_004_accounting_export.csv
BILL_000273,SME_004,SME_004-BILL-00273,SUPP_SME_004_004,01 Jul 2024,30 Aug 2024,3129.68,3129.68,Paid,05 Jul 2024,ZAR,sme_004_accounting_export.csv
BILL_000274,SME_004,SME_004-BILL-00274,SUPP_SME_004_003,2024-04-13,12/06/2024,23112.15,0.0,Overdue,,ZAR,sme_004_accounting_export.csv
BILL_000275,SME_004,SME_004-BILL-00275,SUPP_SME_004_004,05 Feb 2024,2024-03-06,34793.93,15323.42,Partially Paid,14/02/2024,ZAR,sme_004_accounting_export.csv
BILL_000276,SME_004,SME_004-BILL-00276,SUPP_SME_004_003,06/06/2025,21/07/2025,24890.53,0.0,Overdue,,ZAR,sme_004_accounting_export.csv
BILL_000277,SME_004,SME_004-BILL-00277,SUPP_SME_004_009,2024-02-25,10 Apr 2024,872.37,872.37,Paid,2024-03-26,ZAR,sme_004_accounting_export.csv
BILL_000278,SME_004,SME_004-BILL-00278,SUPP_SME_004_002,29/11/2025,29 Dec 2025,967.39,967.39,Paid,01 Dec 2025,ZAR,sme_004_accounting_export.csv
BILL_000279,SME_004,SME_004-BILL-00279,SUPP_SME_004_002,2024-12-25,09/01/2025,29111.87,29111.87,Paid,2024-12-31,ZAR,sme_004_accounting_export.csv
BILL_000280,SME_004,SME_004-BILL-00280,SUPP_SME_004_001,19 Dec 2025,17/02/2026,33891.05,33891.05,Paid,06/01/2026,ZAR,sme_004_accounting_export.csv
BILL_000281,SME_004,SME_004-BILL-00281,SUPP_SME_004_001,25/03/2025,2025-05-24,10494.95,10494.95,Paid,06 May 2025,ZAR,sme_004_accounting_export.csv
BILL_000282,SME_004,SME_004-BILL-00282,SUPP_SME_004_002,12 Oct 2025,11/11/2025,19070.18,19070.18,Paid,22 Nov 2025,ZAR,sme_004_accounting_export.csv
BILL_000283,SME_004,SME_004-BILL-00283,SUPP_SME_004_009,11 Oct 2024,10/11/2024,38463.09,38463.09,Paid,2024-11-25,ZAR,sme_004_accounting_export.csv
BILL_000284,SME_004,SME_004-BILL-00284,SUPP_SME_004_009,2025-04-22,07/05/2025,18692.68,18692.68,Paid,21/05/2025,ZAR,sme_004_accounting_export.csv
BILL_000285,SME_004,SME_004-BILL-00285,SUPP_SME_004_008,17 Aug 2024,16 Sep 2024,5864.66,5864.66,Paid,11 Sep 2024,ZAR,sme_004_accounting_export.csv
BILL_000286,SME_004,SME_004-BILL-00286,SUPP_SME_004_007,2025-01-29,15/03/2025,36510.29,36510.29,Paid,2025-03-24,ZAR,sme_004_accounting_export.csv
BILL_000287,SME_004,SME_004-BILL-00287,SUPP_SME_004_008,2024-01-31,31/03/2024,20059.12,20059.12,Paid,2024-03-16,ZAR,sme_004_accounting_export.csv
BILL_000288,SME_004,SME_004-BILL-00288,SUPP_SME_004_005,29/09/2025,2025-11-13,14100.12,14100.12,Paid,2025-10-25,ZAR,sme_004_accounting_export.csv
BILL_000289,SME_004,SME_004-BILL-00289,SUPP_SME_004_006,14 Jul 2024,28/08/2024,4348.59,0.0,Overdue,,ZAR,sme_004_accounting_export.csv
BILL_000290,SME_004,SME_004-BILL-00290,,03/09/2025,03 Oct 2025,18601.6,7643.94,Partially Paid,2025-10-05,ZAR,sme_004_accounting_export.csv
BILL_000291,SME_004,SME_004-BILL-00291,SUPP_SME_004_010,08/12/2024,22 Jan 2025,30902.07,30902.07,Paid,14/12/2024,ZAR,sme_004_accounting_export.csv
BILL_000292,SME_004,SME_004-BILL-00292,SUPP_SME_004_006,2024-03-18,2024-04-17,28828.78,28828.78,Paid,2024-04-21,ZAR,sme_004_accounting_export.csv
BILL_000293,SME_004,SME_004-BILL-00293,SUPP_SME_004_006,10 Apr 2025,10 May 2025,20115.21,20115.21,Paid,2025-04-27,ZAR,sme_004_accounting_export.csv
BILL_000294,SME_004,SME_004-BILL-00294,SUPP_SME_004_003,2025-11-16,2025-12-01,28921.65,28921.65,Paid,02/12/2025,ZAR,sme_004_accounting_export.csv
BILL_000295,SME_004,SME_004-BILL-00295,SUPP_SME_004_006,2025-03-02,17 Mar 2025,14355.04,14355.04,Paid,24/03/2025,ZAR,sme_004_accounting_export.csv
BILL_000296,SME_004,SME_004-BILL-00296,SUPP_SME_004_005,09/12/2024,2025-01-08,29543.09,29543.09,Paid,19 Dec 2024,ZAR,sme_004_accounting_export.csv
BILL_000297,SME_004,SME_004-BILL-00297,SUPP_SME_004_009,23 Nov 2025,2025-12-08,3886.5,0.0,Unpaid,,ZAR,sme_004_accounting_export.csv
BILL_000298,SME_004,SME_004-BILL-00298,SUPP_SME_004_001,20 Jun 2024,19 Aug 2024,8369.74,8369.74,Paid,31 Aug 2024,ZAR,sme_004_accounting_export.csv
BILL_000299,SME_004,SME_004-BILL-00299,SUPP_SME_004_002,2024-09-14,14/10/2024,35170.07,35170.07,Paid,04 Oct 2024,ZAR,sme_004_accounting_export.csv
BILL_000300,SME_004,SME_004-BILL-00300,SUPP_SME_004_009,2024-04-22,21/06/2024,12099.39,6904.68,Partially Paid,28 Apr 2024,ZAR,sme_004_accounting_export.csv
BILL_000301,SME_004,SME_004-BILL-00301,SUPP_SME_004_009,2025-07-08,23 Jul 2025,8634.69,8634.69,Paid,2025-07-29,ZAR,sme_004_accounting_export.csv
BILL_000302,SME_004,SME_004-BILL-00302,SUPP_SME_004_001,01/10/2024,2024-10-16,4015.6,4015.6,Paid,11 Oct 2024,ZAR,sme_004_accounting_export.csv
BILL_000303,SME_004,SME_004-BILL-00303,SUPP_SME_004_009,25 Apr 2024,10 May 2024,16021.72,16021.72,Paid,18/05/2024,ZAR,sme_004_accounting_export.csv
BILL_000304,SME_004,SME_004-BILL-00304,SUPP_SME_004_002,2025-08-28,12/09/2025,3145.79,3145.79,Paid,01 Sep 2025,ZAR,sme_004_accounting_export.csv
BILL_000305,SME_004,SME_004-BILL-00305,SUPP_SME_004_002,2025-02-28,14/04/2025,20130.73,20130.73,Paid,26/04/2025,ZAR,sme_004_accounting_export.csv
BILL_000306,SME_004,SME_004-BILL-00306,SUPP_SME_004_006,03 Apr 2025,02 Jun 2025,36808.59,13430.87,Partially Paid,2025-04-22,ZAR,sme_004_accounting_export.csv
BILL_000307,SME_004,SME_004-BILL-00307,SUPP_SME_004_009,10/02/2025,12 Mar 2025,31591.81,31591.81,Paid,28 Feb 2025,ZAR,sme_004_accounting_export.csv
BILL_000308,SME_004,SME_004-BILL-00308,SUPP_SME_004_001,2024-11-24,2024-12-09,2106.61,1000.55,Partially Paid,2024-12-26,ZAR,sme_004_accounting_export.csv
BILL_000309,SME_004,SME_004-BILL-00309,SUPP_SME_004_002,22/09/2024,21/11/2024,12340.45,12340.45,Paid,07/11/2024,ZAR,sme_004_accounting_export.csv
BILL_000310,SME_004,SME_004-BILL-00310,SUPP_SME_004_010,17/05/2025,2025-06-01,7911.95,7911.95,Paid,27/05/2025,ZAR,sme_004_accounting_export.csv
BILL_000311,SME_004,SME_004-BILL-00311,SUPP_SME_004_006,2024-08-28,27 Oct 2024,3144.12,3144.12,Paid,10/09/2024,ZAR,sme_004_accounting_export.csv
BILL_000312,SME_004,SME_004-BILL-00312,SUPP_SME_004_003,2024-05-27,2024-07-11,4791.3,4791.3,Paid,23/07/2024,ZAR,sme_004_accounting_export.csv
BILL_000313,SME_004,SME_004-BILL-00313,SUPP_SME_004_002,2024-05-31,15/07/2024,36371.7,0.0,Overdue,,ZAR,sme_004_accounting_export.csv
BILL_000314,SME_004,SME_004-BILL-00314,SUPP_SME_004_006,11/04/2024,11/05/2024,12748.29,12748.29,Paid,18/05/2024,ZAR,sme_004_accounting_export.csv
BILL_000315,SME_004,SME_004-BILL-00315,SUPP_SME_004_009,2025-07-11,09 Sep 2025,15992.84,15992.84,Paid,2025-07-13,ZAR,sme_004_accounting_export.csv
BILL_000316,SME_004,SME_004-BILL-00316,SUPP_SME_004_005,2024-11-15,30 Nov 2024,19685.18,19685.18,Paid,27 Nov 2024,ZAR,sme_004_accounting_export.csv
BILL_000317,SME_004,SME_004-BILL-00317,SUPP_SME_004_010,2025-04-30,2025-06-14,29924.7,29924.7,Paid,29/06/2025,ZAR,sme_004_accounting_export.csv
BILL_000318,SME_004,SME_004-BILL-00318,SUPP_SME_004_010,18/09/2025,2025-11-17,32035.63,32035.63,Paid,14/10/2025,ZAR,sme_004_accounting_export.csv
BILL_000319,SME_004,SME_004-BILL-00319,SUPP_SME_004_002,2025-03-22,21/04/2025,38567.32,38567.32,Paid,18/04/2025,ZAR,sme_004_accounting_export.csv
BILL_000320,SME_004,SME_004-BILL-00320,SUPP_SME_004_010,24 Aug 2024,08/10/2024,8821.78,8821.78,Paid,07/09/2024,ZAR,sme_004_accounting_export.csv
BILL_000321,SME_004,SME_004-BILL-00321,SUPP_SME_004_003,12 Oct 2025,2025-12-11,12392.11,8296.96,Partially Paid,2025-10-21,ZAR,sme_004_accounting_export.csv
BILL_000322,SME_004,SME_004-BILL-00322,SUPP_SME_004_010,10/04/2025,09/06/2025,12861.95,12861.95,Paid,2025-04-14,ZAR,sme_004_accounting_export.csv
BILL_000323,SME_004,SME_004-BILL-00323,SUPP_SME_004_008,2024-05-16,15/07/2024,18087.72,18087.72,Paid,29 Jul 2024,ZAR,sme_004_accounting_export.csv
BILL_000324,SME_004,SME_004-BILL-00324,SUPP_SME_004_005,06 Aug 2024,2024-09-20,32392.47,32392.47,Paid,02 Oct 2024,ZAR,sme_004_accounting_export.csv
BILL_000325,SME_004,SME_004-BILL-00325,SUPP_SME_004_002,15 Mar 2024,30/03/2024,9958.52,3822.34,Partially Paid,27 Mar 2024,ZAR,sme_004_accounting_export.csv
BILL_000326,SME_004,SME_004-BILL-00326,SUPP_SME_004_008,13 Mar 2025,12/05/2025,31425.41,18437.82,Partially Paid,11/05/2025,ZAR,sme_004_accounting_export.csv
BILL_000327,SME_004,SME_004-BILL-00327,SUPP_SME_004_001,08/05/2025,2025-06-07,8559.58,5312.02,Partially Paid,19 May 2025,ZAR,sme_004_accounting_export.csv
BILL_000328,SME_004,SME_004-BILL-00328,SUPP_SME_004_003,23/08/2024,2024-10-07,28550.83,28550.83,Paid,2024-09-22,ZAR,sme_004_accounting_export.csv
BILL_000329,SME_004,SME_004-BILL-00329,SUPP_SME_004_006,19 Oct 2025,2025-12-18,32060.55,32060.55,Paid,2025-12-19,ZAR,sme_004_accounting_export.csv
BILL_000330,SME_004,SME_004-BILL-00330,SUPP_SME_004_010,2024-10-16,2024-11-15,34224.46,34224.46,Paid,30/10/2024,ZAR,sme_004_accounting_export.csv
BILL_000331,SME_004,SME_004-BILL-00331,SUPP_SME_004_003,11/05/2024,25/06/2024,20656.28,0.0,Overdue,,ZAR,sme_004_accounting_export.csv
BILL_000332,SME_004,SME_004-BILL-00332,SUPP_SME_004_002,15 Sep 2024,30 Oct 2024,13484.24,13484.24,Paid,07 Oct 2024,ZAR,sme_004_accounting_export.csv
BILL_000333,SME_004,SME_004-BILL-00333,SUPP_SME_004_007,2024-12-18,2025-01-17,31009.18,31009.18,Paid,06 Jan 2025,ZAR,sme_004_accounting_export.csv
BILL_000334,SME_004,SME_004-BILL-00334,SUPP_SME_004_009,22/01/2025,21 Feb 2025,13176.2,13176.2,Paid,01 Mar 2025,ZAR,sme_004_accounting_export.csv
BILL_000335,SME_004,SME_004-BILL-00335,SUPP_SME_004_006,31 Oct 2024,30 Nov 2024,6349.51,1950.04,Partially Paid,17 Dec 2024,ZAR,sme_004_accounting_export.csv
BILL_000336,SME_004,SME_004-BILL-00336,SUPP_SME_004_005,24/08/2025,23/09/2025,33470.11,33470.11,Paid,2025-09-26,ZAR,sme_004_accounting_export.csv
BILL_000337,SME_004,SME_004-BILL-00337,SUPP_SME_004_004,2025-01-27,26 Feb 2025,16744.02,16744.02,Paid,08 Feb 2025,ZAR,sme_004_accounting_export.csv
BILL_000338,SME_004,SME_004-BILL-00338,SUPP_SME_004_002,25/02/2024,26 Mar 2024,23047.93,0.0,Overdue,,ZAR,sme_004_accounting_export.csv
BILL_000339,SME_004,SME_004-BILL-00339,SUPP_SME_004_008,12 Nov 2025,11/01/2026,36778.54,36778.54,Paid,20 Dec 2025,ZAR,sme_004_accounting_export.csv
BILL_000340,SME_004,SME_004-BILL-00340,SUPP_SME_004_007,2025-11-11,26 Nov 2025,5863.97,5863.97,Paid,06/12/2025,ZAR,sme_004_accounting_export.csv
BILL_000341,SME_005,SME_005-BILL-00341,SUPP_SME_005_006,21 Mar 2024,2024-04-20,22508.76,10050.29,Partially Paid,10 May 2024,ZAR,sme_005_accounting_export.csv
BILL_000342,SME_005,SME_005-BILL-00342,SUPP_SME_005_006,07 Mar 2024,2024-03-22,22571.2,10177.18,Partially Paid,2024-03-26,ZAR,sme_005_accounting_export.csv
BILL_000343,SME_005,SME_005-BILL-00343,SUPP_SME_005_007,2025-09-25,09/11/2025,34544.71,34544.71,Paid,27 Oct 2025,ZAR,sme_005_accounting_export.csv
BILL_000344,SME_005,SME_005-BILL-00344,SUPP_SME_005_010,20 Jul 2024,18/09/2024,13979.73,0.0,Overdue,,ZAR,sme_005_accounting_export.csv
BILL_000345,SME_005,SME_005-BILL-00345,SUPP_SME_005_003,2025-11-26,2026-01-25,16347.96,16347.96,Paid,2026-01-27,ZAR,sme_005_accounting_export.csv
BILL_000346,SME_005,SME_005-BILL-00346,SUPP_SME_005_005,2025-07-17,01 Aug 2025,21012.08,21012.08,Paid,18/07/2025,ZAR,sme_005_accounting_export.csv
BILL_000347,SME_005,SME_005-BILL-00347,SUPP_SME_005_002,14/11/2025,13/01/2026,7104.4,7104.4,Paid,04/01/2026,ZAR,sme_005_accounting_export.csv
BILL_000348,SME_005,SME_005-BILL-00348,SUPP_SME_005_001,23 Aug 2025,07 Oct 2025,19091.13,19091.13,Paid,18/10/2025,ZAR,sme_005_accounting_export.csv
BILL_000349,SME_005,SME_005-BILL-00349,SUPP_SME_005_001,31 Mar 2025,15 Apr 2025,17725.23,17725.23,Paid,2025-04-26,ZAR,sme_005_accounting_export.csv
BILL_000350,SME_005,SME_005-BILL-00350,SUPP_SME_005_008,2024-01-02,16/02/2024,8297.08,8297.08,Paid,2024-01-25,ZAR,sme_005_accounting_export.csv
BILL_000351,SME_005,SME_005-BILL-00351,SUPP_SME_005_005,05 Nov 2025,05 Dec 2025,33404.39,33404.39,Paid,19 Dec 2025,ZAR,sme_005_accounting_export.csv
BILL_000352,SME_005,SME_005-BILL-00352,SUPP_SME_005_009,2025-02-07,2025-04-08,17525.83,17525.83,Paid,24/02/2025,ZAR,sme_005_accounting_export.csv
BILL_000353,SME_005,SME_005-BILL-00353,SUPP_SME_005_006,2024-04-27,2024-06-26,12589.6,12589.6,Paid,26 Jun 2024,ZAR,sme_005_accounting_export.csv
BILL_000354,SME_005,SME_005-BILL-00354,SUPP_SME_005_007,10/08/2024,24/09/2024,5649.78,5649.78,Paid,26 Aug 2024,ZAR,sme_005_accounting_export.csv
BILL_000355,SME_005,SME_005-BILL-00355,SUPP_SME_005_003,03/04/2025,02/06/2025,4045.04,4045.04,Paid,01 May 2025,ZAR,sme_005_accounting_export.csv
BILL_000228_DUP,SME_004,SME_004-BILL-00228,SUPP_SME_004_001,04/08/2024,03/10/2024,1821.24,1821.24,Paid,18/08/2024,ZAR,sme_004_accounting_export.csv
BILL_000043_DUP,SME_001,SME_001-BILL-00043,SUPP_SME_001_008,15/09/2025,15 Oct 2025,17633.25,17633.25,Paid,17/09/2025,ZAR,sme_001_accounting_export.csv
BILL_000257_DUP,SME_004,SME_004-BILL-00257,SUPP_SME_004_004,2024-08-20,04 Sep 2024,22703.16,9652.14,Partially Paid,08/09/2024,ZAR,sme_004_accounting_export.csv
BILL_000183_DUP,SME_004,SME_004-BILL-00183,SUPP_SME_004_007,2024-07-26,25 Aug 2024,38957.68,0.0,Unpaid,,ZAR,sme_004_accounting_export.csv
