source_record_id,business_id,invoice_id,customer_id,invoice_date,due_date,invoice_amount,amount_paid,invoice_status,payment_date,currency,source_file
INV_000001,SME_001,SME_001-INV-00001,CUST_SME_001_010,2024-07-06,05/08/2024,43877.02,43877.02,paid,04 Aug 2024,ZAR,sme_001_accounting_export.csv
INV_000002,SME_001,SME_001-INV-00002,CUST_SME_001_007,2025-09-10,25/09/2025,44433.77,44433.77,PAID,11/10/2025,ZAR,sme_001_accounting_export.csv
INV_000003,SME_001,SME_001-INV-00003,CUST_SME_001_010,16 Apr 2025,01/05/2025,56179.83,56179.83,PAID,26/05/2025,ZAR,sme_001_accounting_export.csv
INV_000004,SME_001,SME_001-INV-00004,CUST_SME_001_007,17/08/2024,01/09/2024,15420.22,15420.22,PAID,20/09/2024,ZAR,sme_001_accounting_export.csv
INV_000005,SME_001,SME_001-INV-00005,CUST_SME_001_001,2024-07-04,19/07/2024,47326.73,47326.73,paid,2024-07-09,ZAR,sme_001_accounting_export.csv
INV_000006,SME_001,SME_001-INV-00006,CUST_SME_001_006,18 Mar 2025,02 May 2025,59478.31,59478.31,Paid,23 Mar 2025,ZAR,sme_001_accounting_export.csv
INV_000007,SME_001,SME_001-INV-00007,CUST_SME_001_010,25/03/2025,24 Apr 2025,2712.29,0.0,Overdue,,ZAR,sme_001_accounting_export.csv
INV_000008,SME_001,SME_001-INV-00008,CUST_SME_001_010,2025-01-07,21/02/2025,23065.14,0.0,Overdue,,ZAR,sme_001_accounting_export.csv
INV_000009,SME_001,SME_001-INV-00009,CUST_SME_001_005,23 Apr 2025,08/05/2025,26726.12,26726.12,PAID,12 May 2025,ZAR,sme_001_accounting_export.csv
INV_000010,SME_001,SME_001-INV-00010,CUST_SME_001_014,26/05/2025,,49488.11,49488.11,Paid,09 Jul 2025,ZAR,sme_001_accounting_export.csv
INV_000011,SME_001,SME_001-INV-00011,CUST_SME_001_014,10 Mar 2025,24/04/2025,1810.86,1810.86,PAID,2025-05-15,ZAR,sme_001_accounting_export.csv
INV_000012,SME_001,SME_001-INV-00012,CUST_SME_001_006,05 Feb 2024,21/03/2024,36318.55,17598.87,Partially Paid,10 Apr 2024,ZAR,sme_001_accounting_export.csv
INV_000013,SME_001,SME_001-INV-00013,CUST_SME_001_014,27/10/2024,26/11/2024,53662.15,0.0,Unpaid,,ZAR,sme_001_accounting_export.csv
INV_000014,SME_001,SME_001-INV-00014,CUST_SME_001_007,22/02/2024,23/03/2024,9710.0,9710.0,Paid,22 Mar 2024,ZAR,sme_001_accounting_export.csv
INV_000015,SME_001,SME_001-INV-00015,CUST_SME_001_012,07/02/2025,24/03/2025,7818.84,3995.0,Partially Paid,25 Mar 2025,ZAR,sme_001_accounting_export.csv
INV_000016,SME_001,SME_001-INV-00016,CUST_SME_001_006,10/10/2025,24 Nov 2025,59987.4,0.0,Unpaid,,ZAR,sme_001_accounting_export.csv
INV_000017,SME_001,SME_001-INV-00017,CUST_SME_001_014,01/09/2024,16 Oct 2024,49731.58,0.0,Overdue,,ZAR,sme_001_accounting_export.csv
INV_000018,SME_001,SME_001-INV-00018,CUST_SME_001_008,15/10/2025,14 Nov 2025,42147.69,42147.69,paid,2025-10-28,ZAR,sme_001_accounting_export.csv
INV_000019,SME_001,SME_001-INV-00019,CUST_SME_001_007,26/07/2025,09 Sep 2025,24539.89,15922.03,Partially Paid,08 Sep 2025,ZAR,sme_001_accounting_export.csv
INV_000020,SME_001,SME_001-INV-00020,CUST_SME_001_008,21/09/2024,2024-11-05,51383.82,0.0,Unpaid,,ZAR,sme_001_accounting_export.csv
INV_000021,SME_001,SME_001-INV-00021,CUST_SME_001_004,08 May 2025,23/05/2025,55443.61,55443.61,PAID,19 May 2025,ZAR,sme_001_accounting_export.csv
INV_000022,SME_001,SME_001-INV-00022,CUST_SME_001_010,12/07/2024,11 Aug 2024,44212.1,12048.65,Partially Paid,12 Aug 2024,ZAR,sme_001_accounting_export.csv
INV_000023,SME_001,SME_001-INV-00023,CUST_SME_001_008,2024-02-13,29/03/2024,24487.59,5326.18,Partially Paid,2024-03-03,ZAR,sme_001_accounting_export.csv
INV_000024,SME_001,SME_001-INV-00024,CUST_SME_001_013,26 Dec 2024,2025-01-10,35428.69,15297.91,Partially Paid,05/01/2025,ZAR,sme_001_accounting_export.csv
INV_000025,SME_001,SME_001-INV-00025,CUST_SME_001_006,15 Apr 2024,30 Apr 2024,6812.52,4957.47,Partially Paid,03/05/2024,ZAR,sme_001_accounting_export.csv
INV_000026,SME_001,SME_001-INV-00026,CUST_SME_001_008,08/10/2025,07/12/2025,10323.21,10323.21,paid,25 Nov 2025,ZAR,sme_001_accounting_export.csv
INV_000027,SME_001,SME_001-INV-00027,CUST_SME_001_015,07/02/2025,08 Apr 2025,47199.2,16452.89,Partially Paid,01 Mar 2025,ZAR,sme_001_accounting_export.csv
INV_000028,SME_001,SME_001-INV-00028,CUST_SME_001_013,2025-04-30,14 Jun 2025,2729.61,2729.61,PAID,16/05/2025,ZAR,sme_001_accounting_export.csv
INV_000029,SME_001,SME_001-INV-00029,CUST_SME_001_003,12 Mar 2024,2024-03-27,3902.56,0.0,Unpaid,,ZAR,sme_001_accounting_export.csv
INV_000030,SME_001,SME_001-INV-00030,CUST_SME_001_007,09/05/2025,24/05/2025,30973.39,17276.79,Partially Paid,17 May 2025,ZAR,sme_001_accounting_export.csv
INV_000031,SME_001,SME_001-INV-00031,CUST_SME_001_009,2025-04-17,2025-06-16,11061.23,11061.23,paid,10/05/2025,ZAR,sme_001_accounting_export.csv
INV_000032,SME_001,SME_001-INV-00032,CUST_SME_001_014,30 Mar 2024,14 May 2024,18328.54,18328.54,paid,24/05/2024,ZAR,sme_001_accounting_export.csv
INV_000033,SME_001,SME_001-INV-00033,CUST_SME_001_013,24/06/2025,24 Jul 2025,24531.05,0.0,Unpaid,,ZAR,sme_001_accounting_export.csv
INV_000034,SME_001,SME_001-INV-00034,CUST_SME_001_008,2025-12-03,02 Jan 2026,31813.07,31813.07,Paid,18/01/2026,ZAR,sme_001_accounting_export.csv
INV_000035,SME_001,SME_001-INV-00035,CUST_SME_001_011,08 Dec 2024,2025-02-06,17728.55,4188.86,Partially Paid,2024-12-23,ZAR,sme_001_accounting_export.csv
INV_000036,SME_001,SME_001-INV-00036,CUST_SME_001_015,2025-09-06,06 Oct 2025,29529.24,29529.24,PAID,2025-09-29,ZAR,sme_001_accounting_export.csv
INV_000037,SME_001,SME_001-INV-00037,CUST_SME_001_010,10 May 2024,09/06/2024,22870.39,22870.39,paid,31 May 2024,ZAR,sme_001_accounting_export.csv
INV_000038,SME_001,SME_001-INV-00038,CUST_SME_001_008,14/04/2024,14/05/2024,5780.84,0.0,Unpaid,,ZAR,sme_001_accounting_export.csv
INV_000039,SME_001,SME_001-INV-00039,CUST_SME_001_008,10 Jan 2024,2024-02-24,52160.52,0.0,Unpaid,,ZAR,sme_001_accounting_export.csv
INV_000040,SME_001,SME_001-INV-00040,CUST_SME_001_014,05/10/2025,04/12/2025,17600.59,7357.38,Partially Paid,2025-10-13,ZAR,sme_001_accounting_export.csv
INV_000041,SME_002,SME_002-INV-00041,CUST_SME_002_008,10 Apr 2025,10 May 2025,36953.02,22483.63,Partially Paid,2025-05-04,ZAR,sme_002_accounting_export.csv
INV_000042,SME_002,SME_002-INV-00042,CUST_SME_002_004,11/01/2024,10/02/2024,34618.21,34618.21,paid,07 Feb 2024,ZAR,sme_002_accounting_export.csv
INV_000043,SME_002,SME_002-INV-00043,CUST_SME_002_010,2024-10-18,02 Nov 2024,12750.84,0.0,Overdue,,ZAR,sme_002_accounting_export.csv
INV_000044,SME_002,SME_002-INV-00044,CUST_SME_002_014,29 Feb 2024,15 Mar 2024,2767.53,2767.53,paid,02/04/2024,ZAR,sme_002_accounting_export.csv
INV_000045,SME_002,SME_002-INV-00045,CUST_SME_002_012,19 Sep 2024,19 Oct 2024,51558.95,12870.36,Partially Paid,25 Oct 2024,ZAR,sme_002_accounting_export.csv
INV_000046,SME_002,SME_002-INV-00046,CUST_SME_002_009,30 Sep 2024,14/11/2024,30363.7,0.0,Unpaid,,ZAR,sme_002_accounting_export.csv
INV_000047,SME_002,SME_002-INV-00047,CUST_SME_002_011,2025-08-24,23/09/2025,25453.58,25453.58,Paid,23/10/2025,ZAR,sme_002_accounting_export.csv
INV_000048,SME_002,SME_002-INV-00048,CUST_SME_002_002,06 Jan 2024,2024-02-20,46011.72,46011.72,PAID,10 Jan 2024,ZAR,sme_002_accounting_export.csv
INV_000049,SME_002,SME_002-INV-00049,CUST_SME_002_010,08/02/2024,2024-03-09,2956.38,2956.38,PAID,2024-03-19,ZAR,sme_002_accounting_export.csv
INV_000050,SME_002,SME_002-INV-00050,CUST_SME_002_014,06/09/2025,2025-10-06,46147.7,0.0,Overdue,,ZAR,sme_002_accounting_export.csv
INV_000051,SME_002,SME_002-INV-00051,CUST_SME_002_002,07/09/2024,2024-09-22,25125.95,25125.95,PAID,2024-10-12,ZAR,sme_002_accounting_export.csv
INV_000052,SME_002,SME_002-INV-00052,CUST_SME_002_002,2025-11-30,29 Jan 2026,33545.8,33545.8,Paid,01 Dec 2025,ZAR,sme_002_accounting_export.csv
INV_000053,SME_002,SME_002-INV-00053,CUST_SME_002_001,31/12/2024,2025-01-30,45393.92,45393.92,paid,29 Dec 2024,ZAR,sme_002_accounting_export.csv
INV_000054,SME_002,SME_002-INV-00054,CUST_SME_002_014,28/06/2025,2025-07-28,33261.82,21781.11,Partially Paid,2025-08-16,ZAR,sme_002_accounting_export.csv
INV_000055,SME_002,SME_002-INV-00055,CUST_SME_002_015,2024-11-04,19/11/2024,4644.56,1019.57,Partially Paid,16/11/2024,ZAR,sme_002_accounting_export.csv
INV_000056,SME_002,SME_002-INV-00056,CUST_SME_002_006,27/06/2025,11/08/2025,43987.45,14538.24,Partially Paid,04 Aug 2025,ZAR,sme_002_accounting_export.csv
INV_000057,SME_002,SME_002-INV-00057,CUST_SME_002_012,2025-04-02,02 May 2025,47394.16,47394.16,PAID,30/05/2025,ZAR,sme_002_accounting_export.csv
INV_000058,SME_002,SME_002-INV-00058,CUST_SME_002_014,2025-10-15,29/11/2025,28251.7,28251.7,Paid,2025-11-29,ZAR,sme_002_accounting_export.csv
INV_000059,SME_002,SME_002-INV-00059,CUST_SME_002_015,25/11/2025,25 Dec 2025,26904.5,19430.53,Partially Paid,27/12/2025,ZAR,sme_002_accounting_export.csv
INV_000060,SME_002,SME_002-INV-00060,CUST_SME_002_011,10/04/2024,25 May 2024,15863.61,15863.61,paid,24 May 2024,ZAR,sme_002_accounting_export.csv
INV_000061,SME_002,SME_002-INV-00061,CUST_SME_002_001,2025-11-08,23 Nov 2025,39005.6,39005.6,paid,2025-12-13,ZAR,sme_002_accounting_export.csv
INV_000062,SME_002,SME_002-INV-00062,CUST_SME_002_014,11/08/2025,10 Oct 2025,53037.32,37732.61,Partially Paid,27/09/2025,ZAR,sme_002_accounting_export.csv
INV_000063,SME_002,SME_002-INV-00063,CUST_SME_002_012,31/01/2025,15/02/2025,39702.16,16005.95,Partially Paid,03 Mar 2025,ZAR,sme_002_accounting_export.csv
INV_000064,SME_002,SME_002-INV-00064,CUST_SME_002_011,27/04/2024,11 Jun 2024,46508.17,23544.88,Partially Paid,10/05/2024,ZAR,sme_002_accounting_export.csv
INV_000065,SME_002,SME_002-INV-00065,CUST_SME_002_008,12/02/2024,13/03/2024,50409.88,0.0,Unpaid,,ZAR,sme_002_accounting_export.csv
INV_000066,SME_002,SME_002-INV-00066,CUST_SME_002_014,20/12/2024,2025-02-03,14342.51,14342.51,Paid,2025-02-03,ZAR,sme_002_accounting_export.csv
INV_000067,SME_002,SME_002-INV-00067,CUST_SME_002_005,03/06/2025,03/07/2025,24724.16,11570.46,Partially Paid,29 Jun 2025,ZAR,sme_002_accounting_export.csv
INV_000068,SME_002,SME_002-INV-00068,CUST_SME_002_006,23/05/2025,2025-07-22,26721.62,26721.62,PAID,2025-06-13,ZAR,sme_002_accounting_export.csv
INV_000069,SME_002,SME_002-INV-00069,CUST_SME_002_013,2024-08-10,09/10/2024,33975.12,33975.12,paid,22 Oct 2024,ZAR,sme_002_accounting_export.csv
INV_000070,SME_002,SME_002-INV-00070,CUST_SME_002_014,09/02/2024,24 Feb 2024,3901.75,3901.75,PAID,25/02/2024,ZAR,sme_002_accounting_export.csv
INV_000071,SME_002,SME_002-INV-00071,CUST_SME_002_008,14/07/2025,2025-08-28,35716.02,35716.02,PAID,03/09/2025,ZAR,sme_002_accounting_export.csv
INV_000072,SME_002,SME_002-INV-00072,CUST_SME_002_013,12/03/2025,11/04/2025,6222.77,6222.77,PAID,2025-03-31,ZAR,sme_002_accounting_export.csv
INV_000073,SME_002,SME_002-INV-00073,CUST_SME_002_015,2024-06-06,21/07/2024,48587.62,48587.62,Paid,17/07/2024,ZAR,sme_002_accounting_export.csv
INV_000074,SME_002,SME_002-INV-00074,CUST_SME_002_005,2025-04-02,2025-05-17,57818.3,57818.3,Paid,18/05/2025,ZAR,sme_002_accounting_export.csv
INV_000075,SME_002,SME_002-INV-00075,CUST_SME_002_005,31/05/2024,30 Jul 2024,18095.78,18095.78,Paid,06 Jun 2024,ZAR,sme_002_accounting_export.csv
INV_000076,SME_002,SME_002-INV-00076,CUST_SME_002_001,25/07/2024,08/09/2024,30890.29,30890.29,PAID,29/07/2024,ZAR,sme_002_accounting_export.csv
INV_000077,SME_002,SME_002-INV-00077,CUST_SME_002_006,23/07/2025,2025-08-22,49568.07,20417.85,Partially Paid,2025-09-05,ZAR,sme_002_accounting_export.csv
INV_000078,SME_002,SME_002-INV-00078,CUST_SME_002_012,10/03/2025,2025-04-09,19564.59,19564.59,PAID,07 Apr 2025,ZAR,sme_002_accounting_export.csv
INV_000079,SME_002,SME_002-INV-00079,CUST_SME_002_012,19 Sep 2025,03 Nov 2025,10308.88,3926.79,Partially Paid,14/11/2025,ZAR,sme_002_accounting_export.csv
INV_000080,SME_002,SME_002-INV-00080,CUST_SME_002_006,22/02/2024,07 Apr 2024,44604.69,44604.69,paid,02/03/2024,ZAR,sme_002_accounting_export.csv
INV_000081,SME_002,SME_002-INV-00081,CUST_SME_002_010,2024-06-11,26 Jun 2024,42203.34,42203.34,PAID,08/07/2024,ZAR,sme_002_accounting_export.csv
INV_000082,SME_002,SME_002-INV-00082,CUST_SME_002_001,17 Feb 2024,18 Mar 2024,34626.78,0.0,Overdue,,ZAR,sme_002_accounting_export.csv
INV_000083,SME_002,SME_002-INV-00083,CUST_SME_002_001,02/06/2025,17 Jul 2025,56721.77,56721.77,Paid,2025-06-11,ZAR,sme_002_accounting_export.csv
INV_000084,SME_002,SME_002-INV-00084,CUST_SME_002_003,2025-09-03,18/09/2025,57352.22,57352.22,paid,2025-09-14,ZAR,sme_002_accounting_export.csv
INV_000085,SME_002,SME_002-INV-00085,CUST_SME_002_004,03 Feb 2024,04/03/2024,51831.42,33179.4,Partially Paid,24 Mar 2024,ZAR,sme_002_accounting_export.csv
INV_000086,SME_002,SME_002-INV-00086,CUST_SME_002_009,13 Feb 2024,14 Mar 2024,18288.19,0.0,Unpaid,,ZAR,sme_002_accounting_export.csv
INV_000087,SME_002,SME_002-INV-00087,CUST_SME_002_009,22/06/2024,07/07/2024,14296.59,14296.59,PAID,03 Jul 2024,ZAR,sme_002_accounting_export.csv
INV_000088,SME_002,SME_002-INV-00088,CUST_SME_002_012,11/04/2024,2024-06-10,50308.7,23110.11,Partially Paid,17 May 2024,ZAR,sme_002_accounting_export.csv
INV_000089,SME_002,SME_002-INV-00089,CUST_SME_002_003,09/01/2024,08/02/2024,39430.29,39430.29,PAID,12/01/2024,ZAR,sme_002_accounting_export.csv
INV_000090,SME_002,SME_002-INV-00090,CUST_SME_002_005,26/10/2024,25/12/2024,24371.44,24371.44,PAID,15/12/2024,ZAR,sme_002_accounting_export.csv
INV_000091,SME_002,SME_002-INV-00091,CUST_SME_002_010,25/10/2025,24/11/2025,25175.63,16590.5,Partially Paid,30 Nov 2025,ZAR,sme_002_accounting_export.csv
INV_000092,SME_002,SME_002-INV-00092,CUST_SME_002_008,28/10/2025,12/12/2025,51346.6,51346.6,PAID,04/01/2026,ZAR,sme_002_accounting_export.csv
INV_000093,SME_002,SME_002-INV-00093,CUST_SME_002_011,2025-09-16,16/10/2025,10631.59,10631.59,PAID,12/10/2025,ZAR,sme_002_accounting_export.csv
INV_000094,SME_002,SME_002-INV-00094,CUST_SME_002_004,2025-09-16,16/10/2025,56694.43,0.0,Overdue,,ZAR,sme_002_accounting_export.csv
INV_000095,SME_002,SME_002-INV-00095,CUST_SME_002_010,23/03/2025,,38359.7,38359.7,Paid,2025-04-15,ZAR,sme_002_accounting_export.csv
INV_000096,SME_002,SME_002-INV-00096,CUST_SME_002_014,03 Oct 2025,02/12/2025,47690.11,26229.64,Partially Paid,09/10/2025,ZAR,sme_002_accounting_export.csv
INV_000097,SME_002,SME_002-INV-00097,CUST_SME_002_002,2025-08-26,25 Oct 2025,22881.13,22881.13,PAID,2025-10-29,ZAR,sme_002_accounting_export.csv
INV_000098,SME_002,SME_002-INV-00098,CUST_SME_002_015,22 May 2024,21/06/2024,35626.89,35626.89,PAID,29 Jun 2024,ZAR,sme_002_accounting_export.csv
INV_000099,SME_002,SME_002-INV-00099,CUST_SME_002_008,2025-05-17,16 Jun 2025,45249.44,45249.44,Paid,29 May 2025,ZAR,sme_002_accounting_export.csv
INV_000100,SME_002,SME_002-INV-00100,CUST_SME_002_004,03 Oct 2024,18/10/2024,26672.67,0.0,Unpaid,,ZAR,sme_002_accounting_export.csv
INV_000101,SME_003,SME_003-INV-00101,CUST_SME_003_015,24/12/2025,07/02/2026,196710.73,196710.73,Paid,28 Dec 2025,ZAR,sme_003_accounting_export.csv
INV_000102,SME_003,SME_003-INV-00102,CUST_SME_003_011,29 Jan 2025,15/03/2025,234085.69,109929.77,Partially Paid,28/02/2025,ZAR,sme_003_accounting_export.csv
INV_000103,SME_003,SME_003-INV-00103,CUST_SME_003_015,29/05/2025,28 Jul 2025,28172.58,28172.58,Paid,2025-06-02,ZAR,sme_003_accounting_export.csv
INV_000104,SME_003,SME_003-INV-00104,CUST_SME_003_010,09/02/2025,10/04/2025,345685.05,123299.97,Partially Paid,2025-03-18,ZAR,sme_003_accounting_export.csv
INV_000105,SME_003,SME_003-INV-00105,CUST_SME_003_005,18/06/2024,17/08/2024,347071.14,347071.14,paid,29/06/2024,ZAR,sme_003_accounting_export.csv
INV_000106,SME_003,SME_003-INV-00106,CUST_SME_003_011,30 Jun 2024,15/07/2024,114722.82,114722.82,Paid,03/07/2024,ZAR,sme_003_accounting_export.csv
INV_000107,SME_003,SME_003-INV-00107,CUST_SME_003_002,12 Apr 2024,27 May 2024,352289.55,352289.55,Paid,21 May 2024,ZAR,sme_003_accounting_export.csv
INV_000108,SME_003,SME_003-INV-00108,CUST_SME_003_002,2024-12-21,05 Jan 2025,298842.34,133077.11,Partially Paid,15/01/2025,ZAR,sme_003_accounting_export.csv
INV_000109,SME_003,SME_003-INV-00109,CUST_SME_003_014,2024-02-20,06 Mar 2024,194826.99,194826.99,Paid,29/02/2024,ZAR,sme_003_accounting_export.csv
INV_000110,SME_003,SME_003-INV-00110,CUST_SME_003_011,09 Mar 2025,2025-05-08,141062.32,45547.21,Partially Paid,15/05/2025,ZAR,sme_003_accounting_export.csv
INV_000111,SME_003,SME_003-INV-00111,CUST_SME_003_007,2024-05-11,10 Jun 2024,161553.43,161553.43,Paid,09 May 2024,ZAR,sme_003_accounting_export.csv
INV_000112,SME_003,SME_003-INV-00112,CUST_SME_003_006,2025-09-22,2025-10-07,215164.31,106428.73,Partially Paid,28 Sep 2025,ZAR,sme_003_accounting_export.csv
INV_000113,SME_003,SME_003-INV-00113,CUST_SME_003_010,30/09/2024,14 Nov 2024,166770.72,166770.72,PAID,2024-11-04,ZAR,sme_003_accounting_export.csv
INV_000114,SME_003,SME_003-INV-00114,CUST_SME_003_006,07 Dec 2024,2025-01-06,169834.61,169834.61,PAID,2024-12-16,ZAR,sme_003_accounting_export.csv
INV_000115,SME_003,SME_003-INV-00115,CUST_SME_003_004,2024-10-23,2024-11-22,83639.98,83639.98,PAID,12 Dec 2024,ZAR,sme_003_accounting_export.csv
INV_000116,SME_003,SME_003-INV-00116,CUST_SME_003_002,2025-05-10,,284001.37,183239.74,Partially Paid,2025-06-30,ZAR,sme_003_accounting_export.csv
INV_000117,SME_003,SME_003-INV-00117,CUST_SME_003_002,12/01/2024,11/02/2024,245007.85,0.0,Unpaid,,ZAR,sme_003_accounting_export.csv
INV_000118,SME_003,SME_003-INV-00118,CUST_SME_003_002,21/10/2024,2024-12-05,396784.89,127248.82,Partially Paid,2024-11-24,ZAR,sme_003_accounting_export.csv
INV_000119,SME_003,SME_003-INV-00119,CUST_SME_003_008,14/02/2024,2024-03-30,59073.95,59073.95,PAID,2024-02-28,ZAR,sme_003_accounting_export.csv
INV_000120,SME_003,SME_003-INV-00120,CUST_SME_003_003,2025-02-27,2025-04-28,48154.12,48154.12,paid,02/03/2025,ZAR,sme_003_accounting_export.csv
INV_000121,SME_003,SME_003-INV-00121,CUST_SME_003_005,30/12/2024,13/02/2025,207825.12,207825.12,paid,2025-01-15,ZAR,sme_003_accounting_export.csv
INV_000122,SME_003,SME_003-INV-00122,CUST_SME_003_011,2025-03-07,06/05/2025,63340.33,0.0,Unpaid,,ZAR,sme_003_accounting_export.csv
INV_000123,SME_003,SME_003-INV-00123,CUST_SME_003_001,2024-02-28,29/03/2024,245416.6,245416.6,paid,04 Mar 2024,ZAR,sme_003_accounting_export.csv
INV_000124,SME_003,SME_003-INV-00124,CUST_SME_003_010,2025-12-02,2026-01-31,80857.7,80857.7,Paid,2026-01-23,ZAR,sme_003_accounting_export.csv
INV_000125,SME_003,SME_003-INV-00125,CUST_SME_003_008,01 Jul 2024,2024-07-16,194750.4,49619.63,Partially Paid,2024-07-18,ZAR,sme_003_accounting_export.csv
INV_000126,SME_003,SME_003-INV-00126,CUST_SME_003_012,2025-01-08,,245690.65,245690.65,Paid,23/02/2025,ZAR,sme_003_accounting_export.csv
INV_000127,SME_003,SME_003-INV-00127,CUST_SME_003_014,06/10/2024,2024-11-20,184842.19,114697.86,Partially Paid,16/10/2024,ZAR,sme_003_accounting_export.csv
INV_000128,SME_003,SME_003-INV-00128,CUST_SME_003_004,2025-08-18,2025-10-02,130034.17,130034.17,Paid,22/10/2025,ZAR,sme_003_accounting_export.csv
INV_000129,SME_003,SME_003-INV-00129,CUST_SME_003_011,30 Nov 2025,2026-01-14,313579.48,313579.48,PAID,09 Jan 2026,ZAR,sme_003_accounting_export.csv
INV_000130,SME_003,SME_003-INV-00130,CUST_SME_003_015,2024-01-26,25/02/2024,342299.24,131015.82,Partially Paid,12 Mar 2024,ZAR,sme_003_accounting_export.csv
INV_000131,SME_004,SME_004-INV-00131,CUST_SME_004_004,2025-05-31,15/06/2025,17404.94,4509.89,Partially Paid,24 Jun 2025,ZAR,sme_004_accounting_export.csv
INV_000132,SME_004,SME_004-INV-00132,CUST_SME_004_013,2024-09-10,,48990.23,0.0,Unpaid,,ZAR,sme_004_accounting_export.csv
INV_000133,SME_004,SME_004-INV-00133,CUST_SME_004_014,2025-05-08,,24106.41,7620.15,Partially Paid,26 Jun 2025,ZAR,sme_004_accounting_export.csv
INV_000134,SME_004,SME_004-INV-00134,CUST_SME_004_008,15/10/2024,,29769.79,29769.79,paid,27 Oct 2024,ZAR,sme_004_accounting_export.csv
INV_000135,SME_004,SME_004-INV-00135,CUST_SME_004_012,30/05/2024,2024-06-14,14673.23,3029.06,Partially Paid,2024-07-04,ZAR,sme_004_accounting_export.csv
INV_000136,SME_004,SME_004-INV-00136,CUST_SME_004_013,2024-12-15,14 Jan 2025,37917.7,37917.7,PAID,04 Feb 2025,ZAR,sme_004_accounting_export.csv
INV_000137,SME_004,SME_004-INV-00137,CUST_SME_004_007,26 Apr 2025,11/05/2025,6954.68,6954.68,PAID,17 May 2025,ZAR,sme_004_accounting_export.csv
INV_000138,SME_004,SME_004-INV-00138,CUST_SME_004_008,31 Mar 2025,15 May 2025,35906.61,35906.61,PAID,10 Apr 2025,ZAR,sme_004_accounting_export.csv
INV_000139,SME_004,SME_004-INV-00139,CUST_SME_004_011,01/09/2024,16 Sep 2024,59393.37,14344.31,Partially Paid,2024-09-07,ZAR,sme_004_accounting_export.csv
INV_000140,SME_004,SME_004-INV-00140,CUST_SME_004_008,22 Jan 2025,21/02/2025,45454.51,45454.51,PAID,24/01/2025,ZAR,sme_004_accounting_export.csv
INV_000141,SME_004,SME_004-INV-00141,CUST_SME_004_014,21/10/2025,2025-12-20,53807.32,53807.32,PAID,18/01/2026,ZAR,sme_004_accounting_export.csv
INV_000142,SME_004,SME_004-INV-00142,CUST_SME_004_014,2024-12-24,07/02/2025,28387.54,0.0,Overdue,,ZAR,sme_004_accounting_export.csv
INV_000143,SME_004,SME_004-INV-00143,CUST_SME_004_008,2025-08-07,06/09/2025,9384.22,0.0,Overdue,,ZAR,sme_004_accounting_export.csv
INV_000144,SME_004,SME_004-INV-00144,CUST_SME_004_014,2025-01-12,27 Jan 2025,18019.25,18019.25,paid,21/01/2025,ZAR,sme_004_accounting_export.csv
INV_000145,SME_004,SME_004-INV-00145,CUST_SME_004_002,11 Mar 2025,2025-04-10,3892.75,2463.11,Partially Paid,13/04/2025,ZAR,sme_004_accounting_export.csv
INV_000146,SME_004,SME_004-INV-00146,CUST_SME_004_013,27 Jan 2024,2024-02-26,30606.85,0.0,Overdue,,ZAR,sme_004_accounting_export.csv
INV_000147,SME_004,SME_004-INV-00147,CUST_SME_004_001,04 May 2024,2024-07-03,39330.35,39330.35,Paid,17/05/2024,ZAR,sme_004_accounting_export.csv
INV_000148,SME_004,SME_004-INV-00148,CUST_SME_004_014,04 Jan 2024,19/01/2024,26044.52,26044.52,PAID,2024-01-02,ZAR,sme_004_accounting_export.csv
INV_000149,SME_004,SME_004-INV-00149,CUST_SME_004_012,20/02/2024,21 Mar 2024,34229.09,0.0,Overdue,,ZAR,sme_004_accounting_export.csv
INV_000150,SME_004,SME_004-INV-00150,CUST_SME_004_008,25/01/2024,2024-03-10,19921.43,0.0,Overdue,,ZAR,sme_004_accounting_export.csv
INV_000151,SME_004,SME_004-INV-00151,CUST_SME_004_007,27 Mar 2024,2024-05-11,6065.63,2902.33,Partially Paid,2024-05-15,ZAR,sme_004_accounting_export.csv
INV_000152,SME_004,SME_004-INV-00152,CUST_SME_004_015,30/07/2025,2025-09-13,26487.94,26487.94,PAID,12/10/2025,ZAR,sme_004_accounting_export.csv
INV_000153,SME_004,SME_004-INV-00153,CUST_SME_004_007,05 Apr 2025,05 May 2025,33320.07,33320.07,PAID,2025-04-26,ZAR,sme_004_accounting_export.csv
INV_000154,SME_004,SME_004-INV-00154,CUST_SME_004_014,2025-08-30,29/09/2025,58975.45,58975.45,paid,22/10/2025,ZAR,sme_004_accounting_export.csv
INV_000155,SME_004,SME_004-INV-00155,CUST_SME_004_006,2024-09-02,,21489.13,13717.89,Partially Paid,29/09/2024,ZAR,sme_004_accounting_export.csv
INV_000156,SME_004,SME_004-INV-00156,CUST_SME_004_009,18/04/2024,2024-06-17,40988.41,40988.41,paid,17/07/2024,ZAR,sme_004_accounting_export.csv
INV_000157,SME_004,SME_004-INV-00157,CUST_SME_004_008,08 Jul 2025,23 Jul 2025,49534.84,49534.84,PAID,13/07/2025,ZAR,sme_004_accounting_export.csv
INV_000158,SME_004,SME_004-INV-00158,CUST_SME_004_014,15 Oct 2024,14 Dec 2024,20788.05,20788.05,Paid,29 Nov 2024,ZAR,sme_004_accounting_export.csv
INV_000159,SME_004,SME_004-INV-00159,CUST_SME_004_007,07 Dec 2024,21/01/2025,55865.94,55865.94,Paid,2025-01-21,ZAR,sme_004_accounting_export.csv
INV_000160,SME_004,SME_004-INV-00160,CUST_SME_004_010,2024-06-30,14/08/2024,20991.05,20991.05,Paid,08/07/2024,ZAR,sme_004_accounting_export.csv
INV_000161,SME_004,SME_004-INV-00161,CUST_SME_004_010,2025-03-12,27 Mar 2025,58218.45,58218.45,paid,17 Mar 2025,ZAR,sme_004_accounting_export.csv
INV_000162,SME_004,SME_004-INV-00162,CUST_SME_004_004,12 Jul 2024,11 Aug 2024,1127.26,1127.26,PAID,12/07/2024,ZAR,sme_004_accounting_export.csv
INV_000163,SME_004,SME_004-INV-00163,CUST_SME_004_009,2025-07-24,23 Aug 2025,38416.23,38416.23,PAID,16 Aug 2025,ZAR,sme_004_accounting_export.csv
INV_000164,SME_004,SME_004-INV-00164,CUST_SME_004_003,03/05/2025,2025-06-17,47605.65,47605.65,paid,2025-06-12,ZAR,sme_004_accounting_export.csv
INV_000165,SME_004,SME_004-INV-00165,CUST_SME_004_008,04 Sep 2025,2025-10-19,17523.56,13557.32,Partially Paid,25 Sep 2025,ZAR,sme_004_accounting_export.csv
INV_000166,SME_004,SME_004-INV-00166,CUST_SME_004_004,10/06/2024,2024-08-09,7905.97,7905.97,PAID,22/08/2024,ZAR,sme_004_accounting_export.csv
INV_000167,SME_004,SME_004-INV-00167,CUST_SME_004_002,24/08/2024,23 Sep 2024,2437.74,688.58,Partially Paid,12/09/2024,ZAR,sme_004_accounting_export.csv
INV_000168,SME_004,SME_004-INV-00168,CUST_SME_004_011,09 Dec 2024,24/12/2024,5390.01,2913.81,Partially Paid,22/12/2024,ZAR,sme_004_accounting_export.csv
INV_000169,SME_004,SME_004-INV-00169,CUST_SME_004_011,21/10/2025,05 Nov 2025,33039.01,33039.01,paid,2025-12-02,ZAR,sme_004_accounting_export.csv
INV_000170,SME_004,SME_004-INV-00170,CUST_SME_004_004,14/04/2025,2025-05-29,50510.88,50510.88,Paid,20/05/2025,ZAR,sme_004_accounting_export.csv
INV_000171,SME_004,SME_004-INV-00171,CUST_SME_004_006,2024-09-10,2024-09-25,4724.72,4724.72,paid,09/10/2024,ZAR,sme_004_accounting_export.csv
INV_000172,SME_004,SME_004-INV-00172,CUST_SME_004_012,2024-06-10,25 Jun 2024,7677.64,7677.64,PAID,10/06/2024,ZAR,sme_004_accounting_export.csv
INV_000173,SME_004,SME_004-INV-00173,CUST_SME_004_015,06 Apr 2025,2025-05-21,1301.08,0.0,Unpaid,,ZAR,sme_004_accounting_export.csv
INV_000174,SME_004,SME_004-INV-00174,CUST_SME_004_001,13 Aug 2025,28/08/2025,17654.37,17654.37,paid,2025-09-09,ZAR,sme_004_accounting_export.csv
INV_000175,SME_004,SME_004-INV-00175,CUST_SME_004_005,2025-02-13,30 Mar 2025,55353.54,55353.54,PAID,2025-03-17,ZAR,sme_004_accounting_export.csv
INV_000176,SME_004,SME_004-INV-00176,CUST_SME_004_008,17/01/2024,02/03/2024,17300.99,17300.99,paid,30/03/2024,ZAR,sme_004_accounting_export.csv
INV_000177,SME_004,SME_004-INV-00177,CUST_SME_004_014,21 Aug 2025,20 Sep 2025,27008.05,27008.05,Paid,25 Aug 2025,ZAR,sme_004_accounting_export.csv
INV_000178,SME_004,SME_004-INV-00178,CUST_SME_004_002,2025-10-17,16 Dec 2025,11558.49,11558.49,PAID,05 Jan 2026,ZAR,sme_004_accounting_export.csv
INV_000179,SME_004,SME_004-INV-00179,CUST_SME_004_009,08/09/2024,23 Oct 2024,7860.79,7860.79,paid,2024-10-02,ZAR,sme_004_accounting_export.csv
INV_000180,SME_004,SME_004-INV-00180,CUST_SME_004_014,2024-04-13,28/04/2024,11761.27,11761.27,paid,13/04/2024,ZAR,sme_004_accounting_export.csv
INV_000181,SME_004,SME_004-INV-00181,CUST_SME_004_005,24 Feb 2024,2024-03-10,13415.54,0.0,Overdue,,ZAR,sme_004_accounting_export.csv
INV_000182,SME_004,SME_004-INV-00182,CUST_SME_004_007,2024-11-05,,8687.04,0.0,Overdue,,ZAR,sme_004_accounting_export.csv
INV_000183,SME_004,SME_004-INV-00183,CUST_SME_004_013,01/07/2024,16 Jul 2024,47701.63,19319.62,Partially Paid,2024-07-14,ZAR,sme_004_accounting_export.csv
INV_000184,SME_004,SME_004-INV-00184,CUST_SME_004_014,2024-05-27,2024-06-26,29157.49,29157.49,Paid,25 Jun 2024,ZAR,sme_004_accounting_export.csv
INV_000185,SME_004,SME_004-INV-00185,CUST_SME_004_001,29 Oct 2024,28/11/2024,32846.4,32846.4,paid,24/12/2024,ZAR,sme_004_accounting_export.csv
INV_000186,SME_004,SME_004-INV-00186,CUST_SME_004_013,2025-12-02,17 Dec 2025,23104.38,5322.83,Partially Paid,2025-12-08,ZAR,sme_004_accounting_export.csv
INV_000187,SME_004,SME_004-INV-00187,CUST_SME_004_007,2024-02-22,2024-04-22,13433.83,13433.83,paid,04/03/2024,ZAR,sme_004_accounting_export.csv
INV_000188,SME_004,SME_004-INV-00188,CUST_SME_004_003,09/10/2025,24/10/2025,6540.2,1309.83,Partially Paid,19/10/2025,ZAR,sme_004_accounting_export.csv
INV_000189,SME_004,SME_004-INV-00189,CUST_SME_004_006,12/02/2025,2025-02-27,5479.62,5479.62,Paid,20 Mar 2025,ZAR,sme_004_accounting_export.csv
INV_000190,SME_004,SME_004-INV-00190,CUST_SME_004_007,09/12/2024,2025-01-23,11923.38,11923.38,Paid,2025-01-01,ZAR,sme_004_accounting_export.csv
INV_000191,SME_004,SME_004-INV-00191,CUST_SME_004_006,14/06/2025,29/07/2025,51160.4,0.0,Unpaid,,ZAR,sme_004_accounting_export.csv
INV_000192,SME_004,SME_004-INV-00192,CUST_SME_004_011,19/07/2025,03 Aug 2025,13776.17,13776.17,PAID,2025-07-23,ZAR,sme_004_accounting_export.csv
INV_000193,SME_004,SME_004-INV-00193,CUST_SME_004_005,02 Aug 2025,2025-08-17,21934.36,6725.24,Partially Paid,01 Sep 2025,ZAR,sme_004_accounting_export.csv
INV_000194,SME_004,SME_004-INV-00194,CUST_SME_004_015,28 Apr 2024,2024-05-13,34792.35,10299.21,Partially Paid,21/05/2024,ZAR,sme_004_accounting_export.csv
INV_000195,SME_004,SME_004-INV-00195,CUST_SME_004_014,22 Apr 2024,06 Jun 2024,31173.37,31173.37,Paid,17 May 2024,ZAR,sme_004_accounting_export.csv
INV_000196,SME_004,SME_004-INV-00196,CUST_SME_004_003,10/02/2025,2025-03-12,40283.42,40283.42,paid,2025-04-03,ZAR,sme_004_accounting_export.csv
INV_000197,SME_004,SME_004-INV-00197,CUST_SME_004_003,2024-06-15,30 Jun 2024,12464.57,12464.57,paid,15 Jun 2024,ZAR,sme_004_accounting_export.csv
INV_000198,SME_004,SME_004-INV-00198,CUST_SME_004_009,05/11/2024,20 Dec 2024,31918.89,31918.89,PAID,07/01/2025,ZAR,sme_004_accounting_export.csv
INV_000199,SME_004,SME_004-INV-00199,CUST_SME_004_013,10 Jul 2025,25 Jul 2025,46297.2,13339.4,Partially Paid,20/07/2025,ZAR,sme_004_accounting_export.csv
INV_000200,SME_004,SME_004-INV-00200,CUST_SME_004_015,13/04/2025,28/05/2025,23862.91,0.0,Unpaid,,ZAR,sme_004_accounting_export.csv
INV_000201,SME_004,SME_004-INV-00201,CUST_SME_004_004,2025-12-11,26 Dec 2025,58341.77,0.0,Overdue,,ZAR,sme_004_accounting_export.csv
INV_000202,SME_004,SME_004-INV-00202,CUST_SME_004_004,2025-11-01,2025-11-16,35099.02,0.0,Unpaid,,ZAR,sme_004_accounting_export.csv
INV_000203,SME_004,SME_004-INV-00203,CUST_SME_004_015,2024-08-10,25 Aug 2024,40814.77,40814.77,PAID,18/08/2024,ZAR,sme_004_accounting_export.csv
INV_000204,SME_004,SME_004-INV-00204,CUST_SME_004_012,13/01/2024,12/02/2024,28086.18,28086.18,PAID,07/03/2024,ZAR,sme_004_accounting_export.csv
INV_000205,SME_004,SME_004-INV-00205,CUST_SME_004_001,2024-03-24,23/04/2024,51613.2,0.0,Unpaid,,ZAR,sme_004_accounting_export.csv
INV_000206,SME_004,SME_004-INV-00206,CUST_SME_004_001,11/06/2024,2024-07-11,27637.73,27637.73,paid,30/07/2024,ZAR,sme_004_accounting_export.csv
INV_000207,SME_004,SME_004-INV-00207,CUST_SME_004_011,17 May 2024,16/06/2024,56594.54,32863.79,Partially Paid,03 Jul 2024,ZAR,sme_004_accounting_export.csv
INV_000208,SME_004,SME_004-INV-00208,CUST_SME_004_001,24 Dec 2025,22/02/2026,19141.94,14279.37,Partially Paid,05/02/2026,ZAR,sme_004_accounting_export.csv
INV_000209,SME_004,SME_004-INV-00209,CUST_SME_004_003,17/05/2024,2024-06-01,52083.34,52083.34,PAID,2024-06-05,ZAR,sme_004_accounting_export.csv
INV_000210,SME_004,SME_004-INV-00210,CUST_SME_004_014,2024-09-03,,38721.84,28246.88,Partially Paid,01 Oct 2024,ZAR,sme_004_accounting_export.csv
INV_000211,SME_004,SME_004-INV-00211,CUST_SME_004_005,04/09/2025,2025-11-03,48144.23,0.0,Unpaid,,ZAR,sme_004_accounting_export.csv
INV_000212,SME_004,SME_004-INV-00212,CUST_SME_004_015,2024-12-18,01 Feb 2025,3224.38,3224.38,paid,22 Jan 2025,ZAR,sme_004_accounting_export.csv
INV_000213,SME_004,SME_004-INV-00213,CUST_SME_004_007,29 Aug 2025,28 Sep 2025,17359.5,17359.5,paid,20 Oct 2025,ZAR,sme_004_accounting_export.csv
INV_000214,SME_004,SME_004-INV-00214,CUST_SME_004_002,27 Aug 2024,11 Oct 2024,50977.65,16910.22,Partially Paid,13 Oct 2024,ZAR,sme_004_accounting_export.csv
INV_000215,SME_004,SME_004-INV-00215,CUST_SME_004_003,14/07/2024,12/09/2024,19781.69,19781.69,PAID,30 Sep 2024,ZAR,sme_004_accounting_export.csv
INV_000216,SME_004,SME_004-INV-00216,CUST_SME_004_005,2024-01-22,2024-03-22,43046.67,0.0,Unpaid,,ZAR,sme_004_accounting_export.csv
INV_000217,SME_004,SME_004-INV-00217,CUST_SME_004_010,26 Dec 2024,2025-02-24,59539.14,20159.42,Partially Paid,2025-03-07,ZAR,sme_004_accounting_export.csv
INV_000218,SME_004,SME_004-INV-00218,CUST_SME_004_011,2024-03-23,22/05/2024,11452.96,6366.73,Partially Paid,07 Apr 2024,ZAR,sme_004_accounting_export.csv
INV_000219,SME_004,SME_004-INV-00219,CUST_SME_004_001,23/04/2025,2025-05-08,25635.21,25635.21,paid,01 Jun 2025,ZAR,sme_004_accounting_export.csv
INV_000220,SME_004,SME_004-INV-00220,CUST_SME_004_010,25 Jul 2025,08/09/2025,10742.48,10742.48,PAID,2025-10-04,ZAR,sme_004_accounting_export.csv
INV_000221,SME_004,SME_004-INV-00221,CUST_SME_004_007,2024-12-20,2025-02-18,10102.9,10102.9,paid,18 Mar 2025,ZAR,sme_004_accounting_export.csv
INV_000222,SME_004,SME_004-INV-00222,CUST_SME_004_002,12 Jan 2024,26/02/2024,38349.53,0.0,Overdue,,ZAR,sme_004_accounting_export.csv
INV_000223,SME_004,SME_004-INV-00223,CUST_SME_004_003,19/07/2025,02/09/2025,12291.19,4507.7,Partially Paid,2025-08-03,ZAR,sme_004_accounting_export.csv
INV_000224,SME_004,SME_004-INV-00224,CUST_SME_004_002,19/07/2024,18 Aug 2024,29476.58,19027.06,Partially Paid,01/09/2024,ZAR,sme_004_accounting_export.csv
INV_000225,SME_004,SME_004-INV-00225,CUST_SME_004_001,01 Aug 2024,15/09/2024,58698.55,58698.55,PAID,11/08/2024,ZAR,sme_004_accounting_export.csv
INV_000226,SME_004,SME_004-INV-00226,CUST_SME_004_004,19/04/2024,19 May 2024,20654.64,0.0,Overdue,,ZAR,sme_004_accounting_export.csv
INV_000227,SME_004,SME_004-INV-00227,CUST_SME_004_012,2025-09-11,26/09/2025,52544.16,0.0,Overdue,,ZAR,sme_004_accounting_export.csv
INV_000228,SME_004,SME_004-INV-00228,CUST_SME_004_003,2024-08-31,30/10/2024,24385.54,0.0,Unpaid,,ZAR,sme_004_accounting_export.csv
INV_000229,SME_004,SME_004-INV-00229,CUST_SME_004_014,2025-12-19,2026-02-17,16509.03,11095.84,Partially Paid,21 Feb 2026,ZAR,sme_004_accounting_export.csv
INV_000230,SME_004,SME_004-INV-00230,CUST_SME_004_003,25 Jun 2024,2024-07-25,20838.85,20838.85,PAID,30 Jun 2024,ZAR,sme_004_accounting_export.csv
INV_000231,SME_004,SME_004-INV-00231,CUST_SME_004_008,29 Sep 2025,29 Oct 2025,8533.5,8533.5,paid,09/11/2025,ZAR,sme_004_accounting_export.csv
INV_000232,SME_004,SME_004-INV-00232,CUST_SME_004_012,22/05/2024,06/06/2024,41060.12,41060.12,Paid,2024-06-17,ZAR,sme_004_accounting_export.csv
INV_000233,SME_004,SME_004-INV-00233,CUST_SME_004_014,2025-05-24,2025-06-23,31032.18,31032.18,paid,2025-06-29,ZAR,sme_004_accounting_export.csv
INV_000234,SME_004,SME_004-INV-00234,CUST_SME_004_014,01/07/2025,30/08/2025,37216.0,37216.0,Paid,05 Jul 2025,ZAR,sme_004_accounting_export.csv
INV_000235,SME_004,SME_004-INV-00235,CUST_SME_004_009,2024-09-22,07/10/2024,18882.47,18882.47,PAID,26/09/2024,ZAR,sme_004_accounting_export.csv
INV_000236,SME_004,SME_004-INV-00236,CUST_SME_004_001,2025-07-14,2025-08-28,39554.43,23990.0,Partially Paid,15/09/2025,ZAR,sme_004_accounting_export.csv
INV_000237,SME_004,SME_004-INV-00237,CUST_SME_004_001,2024-03-18,02/05/2024,10711.33,10711.33,Paid,2024-05-12,ZAR,sme_004_accounting_export.csv
INV_000238,SME_004,SME_004-INV-00238,CUST_SME_004_004,2025-03-10,09/05/2025,39495.89,39495.89,PAID,27 May 2025,ZAR,sme_004_accounting_export.csv
INV_000239,SME_004,SME_004-INV-00239,CUST_SME_004_004,13 Sep 2025,2025-11-12,5787.15,0.0,Unpaid,,ZAR,sme_004_accounting_export.csv
INV_000240,SME_004,SME_004-INV-00240,CUST_SME_004_005,2024-10-13,12/11/2024,24616.12,24616.12,PAID,11/11/2024,ZAR,sme_004_accounting_export.csv
INV_000241,SME_004,SME_004-INV-00241,CUST_SME_004_014,2024-05-12,27/05/2024,36975.43,36975.43,paid,14/05/2024,ZAR,sme_004_accounting_export.csv
INV_000242,SME_004,SME_004-INV-00242,CUST_SME_004_004,2024-01-02,17/01/2024,51463.74,51463.74,paid,07/01/2024,ZAR,sme_004_accounting_export.csv
INV_000243,SME_004,SME_004-INV-00243,CUST_SME_004_013,2025-04-11,2025-05-26,48932.49,48932.49,PAID,08 Jun 2025,ZAR,sme_004_accounting_export.csv
INV_000244,SME_004,SME_004-INV-00244,CUST_SME_004_003,25 Aug 2024,09/10/2024,32090.05,32090.05,PAID,2024-10-21,ZAR,sme_004_accounting_export.csv
INV_000245,SME_004,SME_004-INV-00245,CUST_SME_004_008,28/12/2025,26/02/2026,53118.87,39506.3,Partially Paid,01/03/2026,ZAR,sme_004_accounting_export.csv
INV_000246,SME_004,SME_004-INV-00246,CUST_SME_004_002,2024-03-06,05 Apr 2024,30848.27,30848.27,paid,15 Apr 2024,ZAR,sme_004_accounting_export.csv
INV_000247,SME_004,SME_004-INV-00247,CUST_SME_004_013,2024-03-27,,31512.84,31512.84,PAID,04 May 2024,ZAR,sme_004_accounting_export.csv
INV_000248,SME_004,SME_004-INV-00248,CUST_SME_004_010,02/05/2025,01 Jun 2025,43512.67,43512.67,paid,07 May 2025,ZAR,sme_004_accounting_export.csv
INV_000249,SME_004,SME_004-INV-00249,CUST_SME_004_004,23/02/2025,10 Mar 2025,52789.16,52789.16,paid,08 Apr 2025,ZAR,sme_004_accounting_export.csv
INV_000250,SME_004,SME_004-INV-00250,CUST_SME_004_013,01/02/2024,2024-04-01,36560.27,0.0,Overdue,,ZAR,sme_004_accounting_export.csv
INV_000251,SME_004,SME_004-INV-00251,CUST_SME_004_009,10/09/2024,25 Sep 2024,56707.31,56707.31,paid,2024-09-28,ZAR,sme_004_accounting_export.csv
INV_000252,SME_004,SME_004-INV-00252,CUST_SME_004_001,06/07/2025,20/08/2025,14722.58,14722.58,paid,21 Jul 2025,ZAR,sme_004_accounting_export.csv
INV_000253,SME_004,SME_004-INV-00253,CUST_SME_004_011,14 Jul 2024,2024-08-13,55534.26,55534.26,paid,17/07/2024,ZAR,sme_004_accounting_export.csv
INV_000254,SME_004,SME_004-INV-00254,CUST_SME_004_003,2024-08-21,05 Oct 2024,14077.52,10387.0,Partially Paid,2024-08-26,ZAR,sme_004_accounting_export.csv
INV_000255,SME_004,SME_004-INV-00255,CUST_SME_004_003,2024-12-29,28/01/2025,32058.51,32058.51,PAID,13/01/2025,ZAR,sme_004_accounting_export.csv
INV_000256,SME_004,SME_004-INV-00256,CUST_SME_004_006,29/11/2025,2026-01-13,47965.88,31343.64,Partially Paid,16/01/2026,ZAR,sme_004_accounting_export.csv
INV_000257,SME_004,SME_004-INV-00257,CUST_SME_004_014,12 Jun 2025,11 Aug 2025,48293.47,48293.47,PAID,2025-08-13,ZAR,sme_004_accounting_export.csv
INV_000258,SME_004,SME_004-INV-00258,CUST_SME_004_013,2025-10-21,20/11/2025,17411.4,0.0,Unpaid,,ZAR,sme_004_accounting_export.csv
INV_000259,SME_004,SME_004-INV-00259,CUST_SME_004_013,23 May 2024,2024-06-07,59167.82,0.0,Unpaid,,ZAR,sme_004_accounting_export.csv
INV_000260,SME_004,SME_004-INV-00260,CUST_SME_004_008,07/05/2024,06 Jun 2024,5755.6,5755.6,Paid,18 Jun 2024,ZAR,sme_004_accounting_export.csv
INV_000261,SME_004,SME_004-INV-00261,CUST_SME_004_009,16/01/2024,2024-03-01,3052.18,3052.18,Paid,22 Feb 2024,ZAR,sme_004_accounting_export.csv
INV_000262,SME_004,SME_004-INV-00262,CUST_SME_004_007,2025-03-04,18/04/2025,50650.24,0.0,Unpaid,,ZAR,sme_004_accounting_export.csv
INV_000263,SME_004,SME_004-INV-00263,CUST_SME_004_008,2025-05-24,2025-06-08,49322.12,26523.98,Partially Paid,2025-06-11,ZAR,sme_004_accounting_export.csv
INV_000264,SME_004,SME_004-INV-00264,CUST_SME_004_004,2025-05-29,2025-07-28,43056.23,43056.23,Paid,25 Jun 2025,ZAR,sme_004_accounting_export.csv
INV_000265,SME_004,SME_004-INV-00265,CUST_SME_004_004,2024-10-19,03/12/2024,51195.67,51195.67,Paid,15 Dec 2024,ZAR,sme_004_accounting_export.csv
INV_000266,SME_004,SME_004-INV-00266,CUST_SME_004_013,2025-03-09,2025-05-08,9116.0,3225.43,Partially Paid,21/03/2025,ZAR,sme_004_accounting_export.csv
INV_000267,SME_004,SME_004-INV-00267,CUST_SME_004_015,21 Aug 2024,05 Sep 2024,6645.57,3092.76,Partially Paid,14 Sep 2024,ZAR,sme_004_accounting_export.csv
INV_000268,SME_004,SME_004-INV-00268,CUST_SME_004_005,26/05/2024,,58194.76,58194.76,PAID,13 Jun 2024,ZAR,sme_004_accounting_export.csv
INV_000269,SME_004,SME_004-INV-00269,CUST_SME_004_001,2024-05-04,19/05/2024,37830.04,0.0,Unpaid,,ZAR,sme_004_accounting_export.csv
INV_000270,SME_004,SME_004-INV-00270,CUST_SME_004_006,07 Sep 2024,07/10/2024,55270.96,55270.96,paid,2024-11-03,ZAR,sme_004_accounting_export.csv
INV_000271,SME_004,SME_004-INV-00271,CUST_SME_004_002,06/06/2025,2025-06-21,54480.15,54480.15,paid,12/07/2025,ZAR,sme_004_accounting_export.csv
INV_000272,SME_004,SME_004-INV-00272,CUST_SME_004_006,04/09/2024,03/11/2024,39535.25,39535.25,PAID,21/09/2024,ZAR,sme_004_accounting_export.csv
INV_000273,SME_004,SME_004-INV-00273,CUST_SME_004_002,30 Jan 2024,2024-03-15,38080.0,38080.0,Paid,2024-03-08,ZAR,sme_004_accounting_export.csv
INV_000274,SME_004,SME_004-INV-00274,CUST_SME_004_002,15 Mar 2024,2024-04-29,22236.8,22236.8,PAID,21 Mar 2024,ZAR,sme_004_accounting_export.csv
INV_000275,SME_004,SME_004-INV-00275,CUST_SME_004_004,20 May 2024,04 Jun 2024,9797.49,9797.49,paid,2024-05-24,ZAR,sme_004_accounting_export.csv
INV_000276,SME_004,SME_004-INV-00276,CUST_SME_004_002,24 Feb 2024,2024-03-10,41509.69,41509.69,Paid,04 Mar 2024,ZAR,sme_004_accounting_export.csv
INV_000277,SME_004,SME_004-INV-00277,CUST_SME_004_014,2025-03-10,09 May 2025,49253.77,37814.04,Partially Paid,2025-04-30,ZAR,sme_004_accounting_export.csv
INV_000278,SME_004,SME_004-INV-00278,CUST_SME_004_011,19/11/2024,18 Jan 2025,33132.8,33132.8,paid,30 Nov 2024,ZAR,sme_004_accounting_export.csv
INV_000279,SME_004,SME_004-INV-00279,CUST_SME_004_013,17 Sep 2025,01/11/2025,4001.28,4001.28,Paid,06/11/2025,ZAR,sme_004_accounting_export.csv
INV_000280,SME_004,SME_004-INV-00280,CUST_SME_004_003,18/11/2024,18 Dec 2024,9550.14,9550.14,paid,20 Dec 2024,ZAR,sme_004_accounting_export.csv
INV_000281,SME_004,SME_004-INV-00281,CUST_SME_004_014,01 Oct 2025,15 Nov 2025,7015.66,7015.66,Paid,02/11/2025,ZAR,sme_004_accounting_export.csv
INV_000282,SME_004,SME_004-INV-00282,CUST_SME_004_009,02/02/2024,03/03/2024,39812.07,11152.95,Partially Paid,29 Feb 2024,ZAR,sme_004_accounting_export.csv
INV_000283,SME_004,SME_004-INV-00283,CUST_SME_004_015,27 Feb 2024,28 Mar 2024,34322.56,0.0,Overdue,,ZAR,sme_004_accounting_export.csv
INV_000284,SME_004,SME_004-INV-00284,CUST_SME_004_001,31/01/2024,16 Mar 2024,28523.52,28523.52,paid,2024-03-09,ZAR,sme_004_accounting_export.csv
INV_000285,SME_004,SME_004-INV-00285,CUST_SME_004_015,2025-08-22,21/10/2025,33061.1,13767.55,Partially Paid,03 Oct 2025,ZAR,sme_004_accounting_export.csv
INV_000286,SME_004,SME_004-INV-00286,CUST_SME_004_005,19/12/2025,17/02/2026,17281.34,17281.34,paid,18 Jan 2026,ZAR,sme_004_accounting_export.csv
INV_000287,SME_004,SME_004-INV-00287,CUST_SME_004_001,08/09/2024,,48478.9,48478.9,paid,09 Sep 2024,ZAR,sme_004_accounting_export.csv
INV_000288,SME_004,SME_004-INV-00288,CUST_SME_004_003,28 Jun 2025,28/07/2025,20384.17,20384.17,PAID,23/07/2025,ZAR,sme_004_accounting_export.csv
INV_000289,SME_004,SME_004-INV-00289,CUST_SME_004_006,31 Jul 2024,29 Sep 2024,39013.77,39013.77,Paid,08/10/2024,ZAR,sme_004_accounting_export.csv
INV_000290,SME_004,SME_004-INV-00290,CUST_SME_004_001,22/01/2024,06/02/2024,24061.58,24061.58,Paid,05/02/2024,ZAR,sme_004_accounting_export.csv
INV_000291,SME_004,SME_004-INV-00291,CUST_SME_004_013,28/12/2024,27 Jan 2025,5257.82,5257.82,Paid,2024-12-31,ZAR,sme_004_accounting_export.csv
INV_000292,SME_004,SME_004-INV-00292,CUST_SME_004_003,24/05/2024,08/07/2024,16160.13,16160.13,paid,02 Aug 2024,ZAR,sme_004_accounting_export.csv
INV_000293,SME_004,SME_004-INV-00293,CUST_SME_004_007,2024-04-16,15/06/2024,57940.8,57940.8,Paid,2024-07-10,ZAR,sme_004_accounting_export.csv
INV_000294,SME_004,SME_004-INV-00294,CUST_SME_004_005,2025-10-26,25 Nov 2025,12241.69,9635.65,Partially Paid,07 Dec 2025,ZAR,sme_004_accounting_export.csv
INV_000295,SME_004,SME_004-INV-00295,CUST_SME_004_008,27 Jun 2025,2025-08-11,7190.79,0.0,Unpaid,,ZAR,sme_004_accounting_export.csv
INV_000296,SME_004,SME_004-INV-00296,CUST_SME_004_015,03/12/2025,02 Jan 2026,18177.98,18177.98,paid,07/01/2026,ZAR,sme_004_accounting_export.csv
INV_000297,SME_004,SME_004-INV-00297,CUST_SME_004_012,10 Dec 2024,24/01/2025,52797.63,52797.63,PAID,22 Jan 2025,ZAR,sme_004_accounting_export.csv
INV_000298,SME_004,SME_004-INV-00298,CUST_SME_004_012,2025-06-03,18/06/2025,19055.56,19055.56,PAID,13 Jun 2025,ZAR,sme_004_accounting_export.csv
INV_000299,SME_004,SME_004-INV-00299,CUST_SME_004_004,2025-11-05,05 Dec 2025,25625.43,25625.43,Paid,06/12/2025,ZAR,sme_004_accounting_export.csv
INV_000300,SME_004,SME_004-INV-00300,CUST_SME_004_014,25 Jan 2024,24/02/2024,19294.54,19294.54,Paid,17/02/2024,ZAR,sme_004_accounting_export.csv
INV_000301,SME_004,SME_004-INV-00301,CUST_SME_004_001,14 Apr 2024,2024-06-13,59349.44,59349.44,paid,11/07/2024,ZAR,sme_004_accounting_export.csv
INV_000302,SME_004,SME_004-INV-00302,CUST_SME_004_009,02/02/2025,2025-03-19,59992.63,15572.86,Partially Paid,2025-02-17,ZAR,sme_004_accounting_export.csv
INV_000303,SME_004,SME_004-INV-00303,CUST_SME_004_009,17 Jan 2024,2024-03-02,29483.59,29483.59,Paid,31/01/2024,ZAR,sme_004_accounting_export.csv
INV_000304,SME_004,SME_004-INV-00304,CUST_SME_004_003,27 Oct 2025,2025-12-11,47304.72,19068.82,Partially Paid,23/11/2025,ZAR,sme_004_accounting_export.csv
INV_000305,SME_004,SME_004-INV-00305,CUST_SME_004_004,06 Mar 2025,05 May 2025,13983.53,13983.53,paid,27/03/2025,ZAR,sme_004_accounting_export.csv
INV_000306,SME_004,SME_004-INV-00306,CUST_SME_004_004,10 Aug 2024,09 Sep 2024,23083.41,18394.42,Partially Paid,13/09/2024,ZAR,sme_004_accounting_export.csv
INV_000307,SME_004,SME_004-INV-00307,CUST_SME_004_003,2025-06-16,16/07/2025,41081.04,41081.04,PAID,2025-07-21,ZAR,sme_004_accounting_export.csv
INV_000308,SME_004,SME_004-INV-00308,CUST_SME_004_008,2024-02-12,2024-02-27,17893.38,17893.38,Paid,12 Mar 2024,ZAR,sme_004_accounting_export.csv
INV_000309,SME_004,SME_004-INV-00309,CUST_SME_004_015,03 Oct 2025,17/11/2025,14257.23,0.0,Overdue,,ZAR,sme_004_accounting_export.csv
INV_000310,SME_004,SME_004-INV-00310,CUST_SME_004_006,17/12/2024,2025-01-16,55412.04,0.0,Unpaid,,ZAR,sme_004_accounting_export.csv
INV_000311,SME_004,SME_004-INV-00311,CUST_SME_004_009,2024-01-27,12/03/2024,15413.59,15413.59,PAID,2024-04-06,ZAR,sme_004_accounting_export.csv
INV_000312,SME_004,SME_004-INV-00312,CUST_SME_004_014,2024-02-01,2024-03-17,4497.39,4497.39,PAID,2024-02-25,ZAR,sme_004_accounting_export.csv
INV_000313,SME_004,SME_004-INV-00313,CUST_SME_004_002,13 May 2024,12/07/2024,45314.19,0.0,Overdue,,ZAR,sme_004_accounting_export.csv
INV_000314,SME_004,SME_004-INV-00314,CUST_SME_004_010,22 Feb 2024,23 Mar 2024,15352.83,7251.47,Partially Paid,2024-03-21,ZAR,sme_004_accounting_export.csv
INV_000315,SME_004,SME_004-INV-00315,CUST_SME_004_001,22 Jun 2025,2025-07-22,27560.86,27560.86,PAID,2025-06-21,ZAR,sme_004_accounting_export.csv
INV_000316,SME_004,SME_004-INV-00316,CUST_SME_004_009,29 Jan 2024,29/03/2024,7581.87,7581.87,Paid,11/02/2024,ZAR,sme_004_accounting_export.csv
INV_000317,SME_004,SME_004-INV-00317,CUST_SME_004_006,03 Jul 2024,2024-08-02,5042.42,5042.42,PAID,2024-08-14,ZAR,sme_004_accounting_export.csv
INV_000318,SME_004,SME_004-INV-00318,CUST_SME_004_010,28 Aug 2024,27/09/2024,28166.29,28166.29,paid,16/10/2024,ZAR,sme_004_accounting_export.csv
INV_000319,SME_004,SME_004-INV-00319,CUST_SME_004_004,2024-04-27,26 Jun 2024,20888.21,20888.21,PAID,28 Apr 2024,ZAR,sme_004_accounting_export.csv
INV_000320,SME_004,SME_004-INV-00320,CUST_SME_004_010,05/07/2025,20/07/2025,30849.59,22157.24,Partially Paid,07/08/2025,ZAR,sme_004_accounting_export.csv
INV_000321,SME_004,SME_004-INV-00321,CUST_SME_004_002,2024-01-13,2024-02-12,57981.21,0.0,Overdue,,ZAR,sme_004_accounting_export.csv
INV_000322,SME_004,SME_004-INV-00322,CUST_SME_004_012,30/03/2025,29 May 2025,25035.91,25035.91,paid,02 Jun 2025,ZAR,sme_004_accounting_export.csv
INV_000323,SME_004,SME_004-INV-00323,CUST_SME_004_005,12/12/2024,,36556.77,36556.77,PAID,16 Dec 2024,ZAR,sme_004_accounting_export.csv
INV_000324,SME_004,SME_004-INV-00324,CUST_SME_004_007,24 Mar 2025,23/04/2025,6758.13,0.0,Overdue,,ZAR,sme_004_accounting_export.csv
INV_000325,SME_004,SME_004-INV-00325,CUST_SME_004_002,11 May 2024,10/07/2024,53269.14,53269.14,paid,21 Jun 2024,ZAR,sme_004_accounting_export.csv
INV_000326,SME_004,SME_004-INV-00326,CUST_SME_004_009,17/05/2024,01/06/2024,48545.81,48545.81,Paid,2024-06-25,ZAR,sme_004_accounting_export.csv
INV_000327,SME_004,SME_004-INV-00327,CUST_SME_004_002,29/11/2025,13/01/2026,31822.01,0.0,Unpaid,,ZAR,sme_004_accounting_export.csv
INV_000328,SME_004,SME_004-INV-00328,CUST_SME_004_014,09 Nov 2025,2025-12-09,11819.24,0.0,Unpaid,,ZAR,sme_004_accounting_export.csv
INV_000329,SME_004,SME_004-INV-00329,CUST_SME_004_009,11 Mar 2025,10 May 2025,26131.05,26131.05,Paid,04/05/2025,ZAR,sme_004_accounting_export.csv
INV_000330,SME_004,SME_004-INV-00330,CUST_SME_004_010,2025-07-31,2025-09-14,18545.66,18545.66,paid,2025-09-01,ZAR,sme_004_accounting_export.csv
INV_000331,SME_004,SME_004-INV-00331,CUST_SME_004_005,2025-02-08,09 Apr 2025,59676.49,59676.49,Paid,2025-04-01,ZAR,sme_004_accounting_export.csv
INV_000332,SME_004,SME_004-INV-00332,CUST_SME_004_008,30/10/2025,2025-12-29,29959.46,29959.46,paid,24/11/2025,ZAR,sme_004_accounting_export.csv
INV_000333,SME_004,SME_004-INV-00333,CUST_SME_004_007,11 Aug 2025,10 Sep 2025,25911.75,0.0,Unpaid,,ZAR,sme_004_accounting_export.csv
INV_000334,SME_004,SME_004-INV-00334,CUST_SME_004_004,17/11/2025,17/12/2025,10974.44,0.0,Overdue,,ZAR,sme_004_accounting_export.csv
INV_000335,SME_004,SME_004-INV-00335,CUST_SME_004_010,2025-03-26,2025-04-10,15107.43,15107.43,paid,03 May 2025,ZAR,sme_004_accounting_export.csv
INV_000336,SME_004,SME_004-INV-00336,CUST_SME_004_007,02 Apr 2025,2025-05-17,42983.68,42983.68,PAID,2025-04-22,ZAR,sme_004_accounting_export.csv
INV_000337,SME_004,SME_004-INV-00337,CUST_SME_004_006,13/08/2024,12/09/2024,32559.65,32559.65,Paid,11/10/2024,ZAR,sme_004_accounting_export.csv
INV_000338,SME_004,SME_004-INV-00338,CUST_SME_004_014,2025-05-10,,22123.85,0.0,Unpaid,,ZAR,sme_004_accounting_export.csv
INV_000339,SME_004,SME_004-INV-00339,CUST_SME_004_006,19 Jul 2025,2025-09-02,18523.81,18523.81,PAID,2025-09-28,ZAR,sme_004_accounting_export.csv
INV_000340,SME_004,SME_004-INV-00340,CUST_SME_004_001,2025-12-23,06 Feb 2026,12843.67,12843.67,paid,2026-02-07,ZAR,sme_004_accounting_export.csv
INV_000341,SME_004,SME_004-INV-00341,CUST_SME_004_012,2024-12-07,,2999.98,983.14,Partially Paid,17/12/2024,ZAR,sme_004_accounting_export.csv
INV_000342,SME_004,SME_004-INV-00342,CUST_SME_004_004,2024-03-15,14/04/2024,58651.85,26006.08,Partially Paid,30/04/2024,ZAR,sme_004_accounting_export.csv
INV_000343,SME_004,SME_004-INV-00343,CUST_SME_004_014,02/07/2025,16/08/2025,45433.51,45433.51,PAID,2025-09-15,ZAR,sme_004_accounting_export.csv
INV_000344,SME_004,SME_004-INV-00344,CUST_SME_004_005,25/05/2025,09/06/2025,55744.38,55744.38,Paid,2025-06-23,ZAR,sme_004_accounting_export.csv
INV_000345,SME_004,SME_004-INV-00345,CUST_SME_004_012,10 Sep 2024,09 Nov 2024,25340.5,25340.5,Paid,13/10/2024,ZAR,sme_004_accounting_export.csv
INV_000346,SME_004,SME_004-INV-00346,CUST_SME_004_002,12 Nov 2024,27/12/2024,52293.58,52293.58,PAID,2025-01-05,ZAR,sme_004_accounting_export.csv
INV_000347,SME_004,SME_004-INV-00347,CUST_SME_004_015,30/05/2025,29/07/2025,16118.75,16118.75,Paid,2025-07-12,ZAR,sme_004_accounting_export.csv
INV_000348,SME_004,SME_004-INV-00348,CUST_SME_004_007,2024-11-28,12/01/2025,31080.25,0.0,Overdue,,ZAR,sme_004_accounting_export.csv
INV_000349,SME_004,SME_004-INV-00349,CUST_SME_004_008,06 Jul 2025,2025-09-04,12946.29,12946.29,paid,25 Jul 2025,ZAR,sme_004_accounting_export.csv
INV_000350,SME_004,SME_004-INV-00350,CUST_SME_004_009,06 Mar 2024,20/04/2024,46449.89,46449.89,PAID,2024-05-20,ZAR,sme_004_accounting_export.csv
INV_000351,SME_004,SME_004-INV-00351,CUST_SME_004_003,2025-12-26,2026-02-09,30358.52,9205.16,Partially Paid,09 Feb 2026,ZAR,sme_004_accounting_export.csv
INV_000352,SME_004,SME_004-INV-00352,CUST_SME_004_001,2025-08-22,2025-09-21,32640.1,32640.1,PAID,2025-10-09,ZAR,sme_004_accounting_export.csv
INV_000353,SME_004,SME_004-INV-00353,CUST_SME_004_005,21/05/2024,05/06/2024,51707.82,51707.82,paid,2024-06-20,ZAR,sme_004_accounting_export.csv
INV_000354,SME_004,SME_004-INV-00354,CUST_SME_004_007,2025-01-07,21/02/2025,44613.83,44613.83,paid,22 Feb 2025,ZAR,sme_004_accounting_export.csv
INV_000355,SME_004,SME_004-INV-00355,CUST_SME_004_011,26 Aug 2025,25/09/2025,58009.69,58009.69,Paid,18 Sep 2025,ZAR,sme_004_accounting_export.csv
INV_000356,SME_004,SME_004-INV-00356,CUST_SME_004_013,14/02/2025,15/04/2025,24914.82,0.0,Overdue,,ZAR,sme_004_accounting_export.csv
INV_000357,SME_004,SME_004-INV-00357,CUST_SME_004_007,2025-03-19,2025-05-18,28225.83,28225.83,paid,2025-05-17,ZAR,sme_004_accounting_export.csv
INV_000358,SME_004,SME_004-INV-00358,CUST_SME_004_005,27/05/2025,2025-07-11,37304.98,10587.41,Partially Paid,2025-06-28,ZAR,sme_004_accounting_export.csv
INV_000359,SME_004,SME_004-INV-00359,CUST_SME_004_009,17/05/2025,01 Jul 2025,27745.43,27745.43,PAID,22 Jul 2025,ZAR,sme_004_accounting_export.csv
INV_000360,SME_004,SME_004-INV-00360,CUST_SME_004_006,28/05/2025,2025-07-27,25757.31,0.0,Overdue,,ZAR,sme_004_accounting_export.csv
INV_000361,SME_004,SME_004-INV-00361,CUST_SME_004_009,19/06/2024,04/07/2024,21093.73,21093.73,PAID,31 Jul 2024,ZAR,sme_004_accounting_export.csv
INV_000362,SME_004,SME_004-INV-00362,CUST_SME_004_007,23 Jun 2024,2024-08-22,50081.17,16992.33,Partially Paid,03/09/2024,ZAR,sme_004_accounting_export.csv
INV_000363,SME_004,SME_004-INV-00363,CUST_SME_004_010,2025-05-05,2025-06-04,32475.87,32475.87,paid,15/05/2025,ZAR,sme_004_accounting_export.csv
INV_000364,SME_004,SME_004-INV-00364,CUST_SME_004_004,10 Sep 2024,2024-09-25,36836.78,36836.78,PAID,2024-10-22,ZAR,sme_004_accounting_export.csv
INV_000365,SME_004,SME_004-INV-00365,CUST_SME_004_005,21 Jan 2024,,13040.46,13040.46,Paid,20/02/2024,ZAR,sme_004_accounting_export.csv
INV_000366,SME_004,SME_004-INV-00366,CUST_SME_004_006,2024-09-14,29/10/2024,15854.81,15854.81,paid,2024-10-22,ZAR,sme_004_accounting_export.csv
INV_000367,SME_004,SME_004-INV-00367,CUST_SME_004_004,06/08/2025,05/10/2025,21047.8,21047.8,Paid,08/09/2025,ZAR,sme_004_accounting_export.csv
INV_000368,SME_004,SME_004-INV-00368,CUST_SME_004_010,10 Apr 2025,10 May 2025,28456.77,28456.77,paid,08/06/2025,ZAR,sme_004_accounting_export.csv
INV_000369,SME_004,SME_004-INV-00369,CUST_SME_004_007,30 Dec 2025,2026-01-14,3591.71,1425.58,Partially Paid,16 Jan 2026,ZAR,sme_004_accounting_export.csv
INV_000370,SME_004,SME_004-INV-00370,CUST_SME_004_011,27/07/2024,10 Sep 2024,53415.09,34545.13,Partially Paid,28 Aug 2024,ZAR,sme_004_accounting_export.csv
INV_000371,SME_004,SME_004-INV-00371,CUST_SME_004_015,2024-05-24,08 Jul 2024,54319.02,0.0,Overdue,,ZAR,sme_004_accounting_export.csv
INV_000372,SME_004,SME_004-INV-00372,CUST_SME_004_003,21/09/2025,06 Oct 2025,40039.12,30016.38,Partially Paid,09/10/2025,ZAR,sme_004_accounting_export.csv
INV_000373,SME_004,SME_004-INV-00373,CUST_SME_004_004,11/10/2025,10 Dec 2025,19647.12,19647.12,Paid,23 Dec 2025,ZAR,sme_004_accounting_export.csv
INV_000374,SME_004,SME_004-INV-00374,CUST_SME_004_002,17/10/2024,16/11/2024,23733.78,23733.78,paid,2024-12-07,ZAR,sme_004_accounting_export.csv
INV_000375,SME_004,SME_004-INV-00375,CUST_SME_004_002,2025-03-20,19/05/2025,44309.01,44309.01,PAID,2025-03-24,ZAR,sme_004_accounting_export.csv
INV_000376,SME_004,SME_004-INV-00376,CUST_SME_004_014,13 Sep 2025,2025-09-28,17891.17,14278.67,Partially Paid,2025-09-28,ZAR,sme_004_accounting_export.csv
INV_000377,SME_004,SME_004-INV-00377,CUST_SME_004_013,11/07/2024,09 Sep 2024,36926.16,36926.16,Paid,2024-07-24,ZAR,sme_004_accounting_export.csv
INV_000378,SME_004,SME_004-INV-00378,CUST_SME_004_003,11/10/2025,25 Nov 2025,54469.99,0.0,Overdue,,ZAR,sme_004_accounting_export.csv
INV_000379,SME_004,SME_004-INV-00379,CUST_SME_004_007,04/10/2024,2024-12-03,25216.42,7320.39,Partially Paid,21 Oct 2024,ZAR,sme_004_accounting_export.csv
INV_000380,SME_004,SME_004-INV-00380,CUST_SME_004_001,29 Aug 2024,2024-09-28,35635.88,0.0,Overdue,,ZAR,sme_004_accounting_export.csv
INV_000381,SME_005,SME_005-INV-00381,CUST_SME_005_009,2024-05-14,2024-07-13,55786.8,55786.8,Paid,2024-08-06,ZAR,sme_005_accounting_export.csv
INV_000382,SME_005,SME_005-INV-00382,CUST_SME_005_014,24/02/2024,24/04/2024,21094.31,21094.31,PAID,2024-04-29,ZAR,sme_005_accounting_export.csv
INV_000383,SME_005,SME_005-INV-00383,CUST_SME_005_004,03/03/2024,,45818.74,0.0,Overdue,,ZAR,sme_005_accounting_export.csv
INV_000384,SME_005,SME_005-INV-00384,CUST_SME_005_004,13 Oct 2024,2024-11-27,45552.19,45552.19,PAID,26 Dec 2024,ZAR,sme_005_accounting_export.csv
INV_000385,SME_005,SME_005-INV-00385,CUST_SME_005_001,25/02/2024,2024-04-25,55781.22,55781.22,paid,2024-03-28,ZAR,sme_005_accounting_export.csv
INV_000386,SME_005,SME_005-INV-00386,CUST_SME_005_009,2024-01-25,09/02/2024,51656.77,51656.77,Paid,05 Mar 2024,ZAR,sme_005_accounting_export.csv
INV_000387,SME_005,SME_005-INV-00387,CUST_SME_005_013,07/12/2025,06 Jan 2026,45180.86,0.0,Unpaid,,ZAR,sme_005_accounting_export.csv
INV_000388,SME_005,SME_005-INV-00388,CUST_SME_005_008,13/08/2024,2024-10-12,38554.41,38554.41,paid,12/09/2024,ZAR,sme_005_accounting_export.csv
INV_000389,SME_005,SME_005-INV-00389,CUST_SME_005_006,31/12/2024,2025-03-01,15230.11,0.0,Overdue,,ZAR,sme_005_accounting_export.csv
INV_000390,SME_005,SME_005-INV-00390,CUST_SME_005_015,22/10/2024,2024-12-21,40568.27,0.0,Unpaid,,ZAR,sme_005_accounting_export.csv
INV_000391,SME_005,SME_005-INV-00391,CUST_SME_005_014,2024-12-13,2025-01-12,17310.16,17310.16,PAID,27/01/2025,ZAR,sme_005_accounting_export.csv
INV_000392,SME_005,SME_005-INV-00392,CUST_SME_005_001,25 Dec 2025,09/01/2026,26961.16,20949.68,Partially Paid,2026-01-10,ZAR,sme_005_accounting_export.csv
INV_000393,SME_005,SME_005-INV-00393,CUST_SME_005_008,13 Oct 2025,12 Nov 2025,42872.22,42872.22,paid,21 Oct 2025,ZAR,sme_005_accounting_export.csv
INV_000394,SME_005,SME_005-INV-00394,CUST_SME_005_008,2025-10-21,05 Dec 2025,40818.76,40818.76,paid,2025-12-15,ZAR,sme_005_accounting_export.csv
INV_000395,SME_005,SME_005-INV-00395,CUST_SME_005_010,2024-05-14,29/05/2024,24670.75,24670.75,Paid,25/06/2024,ZAR,sme_005_accounting_export.csv
INV_000396,SME_005,SME_005-INV-00396,CUST_SME_005_008,05 Sep 2025,05/10/2025,11777.87,11777.87,paid,2025-09-23,ZAR,sme_005_accounting_export.csv
INV_000397,SME_005,SME_005-INV-00397,CUST_SME_005_003,2024-03-27,11 Apr 2024,29564.4,29564.4,PAID,05/04/2024,ZAR,sme_005_accounting_export.csv
INV_000398,SME_005,SME_005-INV-00398,CUST_SME_005_012,31/10/2025,2025-12-15,16928.4,16928.4,Paid,29/10/2025,ZAR,sme_005_accounting_export.csv
INV_000399,SME_005,SME_005-INV-00399,CUST_SME_005_004,2024-09-14,14 Oct 2024,16070.63,16070.63,paid,28/09/2024,ZAR,sme_005_accounting_export.csv
INV_000400,SME_005,SME_005-INV-00400,CUST_SME_005_013,25 Aug 2025,,20280.82,20280.82,Paid,2025-10-06,ZAR,sme_005_accounting_export.csv
INV_000401,SME_005,SME_005-INV-00401,CUST_SME_005_012,19 Apr 2025,2025-05-19,42668.03,42668.03,paid,12/05/2025,ZAR,sme_005_accounting_export.csv
INV_000402,SME_005,SME_005-INV-00402,CUST_SME_005_015,04/06/2025,19/06/2025,30339.86,15302.29,Partially Paid,07 Jul 2025,ZAR,sme_005_accounting_export.csv
INV_000403,SME_005,SME_005-INV-00403,CUST_SME_005_009,08/05/2025,2025-05-23,23017.09,23017.09,Paid,2025-05-18,ZAR,sme_005_accounting_export.csv
INV_000404,SME_005,SME_005-INV-00404,CUST_SME_005_004,25 Aug 2025,09/09/2025,54135.09,0.0,Overdue,,ZAR,sme_005_accounting_export.csv
INV_000405,SME_005,SME_005-INV-00405,CUST_SME_005_015,10/06/2025,09/08/2025,42700.06,42700.06,paid,04 Aug 2025,ZAR,sme_005_accounting_export.csv
INV_000406,SME_005,SME_005-INV-00406,CUST_SME_005_005,27/02/2025,2025-03-14,30184.52,30184.52,PAID,08/04/2025,ZAR,sme_005_accounting_export.csv
INV_000407,SME_005,SME_005-INV-00407,CUST_SME_005_012,07/10/2024,06/12/2024,25856.01,25856.01,Paid,28 Oct 2024,ZAR,sme_005_accounting_export.csv
INV_000408,SME_005,SME_005-INV-00408,CUST_SME_005_014,2025-11-17,16 Jan 2026,49314.91,0.0,Overdue,,ZAR,sme_005_accounting_export.csv
INV_000409,SME_005,SME_005-INV-00409,CUST_SME_005_008,2025-02-24,2025-03-26,11202.55,11202.55,paid,14 Mar 2025,ZAR,sme_005_accounting_export.csv
INV_000410,SME_005,SME_005-INV-00410,CUST_SME_005_007,10 Jan 2025,25/01/2025,40185.08,28365.76,Partially Paid,30 Jan 2025,ZAR,sme_005_accounting_export.csv
INV_000411,SME_005,SME_005-INV-00411,CUST_SME_005_006,02/08/2025,,2239.9,0.0,Overdue,,ZAR,sme_005_accounting_export.csv
INV_000412,SME_005,SME_005-INV-00412,CUST_SME_005_003,2025-10-17,16/11/2025,1410.68,661.08,Partially Paid,11 Nov 2025,ZAR,sme_005_accounting_export.csv
INV_000413,SME_005,SME_005-INV-00413,CUST_SME_005_010,2024-10-05,2024-11-19,55975.24,55975.24,Paid,04/10/2024,ZAR,sme_005_accounting_export.csv
INV_000414,SME_005,SME_005-INV-00414,CUST_SME_005_011,04/04/2024,2024-05-19,31325.33,31325.33,paid,16/06/2024,ZAR,sme_005_accounting_export.csv
INV_000415,SME_005,SME_005-INV-00415,CUST_SME_005_001,18/10/2025,2025-11-17,19591.93,19591.93,paid,11/11/2025,ZAR,sme_005_accounting_export.csv
INV_000416,SME_005,SME_005-INV-00416,CUST_SME_005_008,2024-11-10,2024-12-10,47887.08,47887.08,PAID,01/01/2025,ZAR,sme_005_accounting_export.csv
INV_000417,SME_005,SME_005-INV-00417,CUST_SME_005_001,07 Jun 2024,07/07/2024,59104.85,59104.85,Paid,12 Jun 2024,ZAR,sme_005_accounting_export.csv
INV_000418,SME_005,SME_005-INV-00418,CUST_SME_005_010,2024-06-01,16 Jul 2024,3030.41,0.0,Unpaid,,ZAR,sme_005_accounting_export.csv
INV_000419,SME_005,SME_005-INV-00419,CUST_SME_005_015,13/01/2025,2025-01-28,3239.68,3239.68,PAID,22 Feb 2025,ZAR,sme_005_accounting_export.csv
INV_000420,SME_005,SME_005-INV-00420,CUST_SME_005_011,23 Sep 2024,08/10/2024,51432.14,51432.14,paid,2024-11-03,ZAR,sme_005_accounting_export.csv
INV_000421,SME_005,SME_005-INV-00421,CUST_SME_005_009,2025-09-09,24 Sep 2025,33846.17,0.0,Overdue,,ZAR,sme_005_accounting_export.csv
INV_000422,SME_005,SME_005-INV-00422,CUST_SME_005_001,2024-10-28,27/12/2024,53081.76,53081.76,PAID,13 Jan 2025,ZAR,sme_005_accounting_export.csv
INV_000423,SME_005,SME_005-INV-00423,CUST_SME_005_007,08 Jun 2024,23 Jul 2024,41983.94,41983.94,paid,2024-07-26,ZAR,sme_005_accounting_export.csv
INV_000424,SME_005,SME_005-INV-00424,CUST_SME_005_004,17 Mar 2025,2025-04-01,28764.55,15505.26,Partially Paid,31 Mar 2025,ZAR,sme_005_accounting_export.csv
INV_000425,SME_005,SME_005-INV-00425,CUST_SME_005_003,30/12/2024,14/01/2025,10519.41,10519.41,paid,2025-02-03,ZAR,sme_005_accounting_export.csv
INV_000426,SME_005,SME_005-INV-00426,CUST_SME_005_013,2025-08-07,2025-10-06,24001.81,10229.62,Partially Paid,23/10/2025,ZAR,sme_005_accounting_export.csv
INV_000427,SME_005,SME_005-INV-00427,CUST_SME_005_005,03 Apr 2025,03/05/2025,47441.56,47441.56,PAID,31 May 2025,ZAR,sme_005_accounting_export.csv
INV_000428,SME_005,SME_005-INV-00428,CUST_SME_005_011,12/09/2025,2025-10-12,14801.14,14801.14,Paid,26 Oct 2025,ZAR,sme_005_accounting_export.csv
INV_000429,SME_005,SME_005-INV-00429,CUST_SME_005_015,27/11/2025,2025-12-27,43029.62,43029.62,paid,2026-01-20,ZAR,sme_005_accounting_export.csv
INV_000430,SME_005,SME_005-INV-00430,CUST_SME_005_010,27 Dec 2024,2025-01-11,15593.33,0.0,Overdue,,ZAR,sme_005_accounting_export.csv
INV_000431,SME_005,SME_005-INV-00431,CUST_SME_005_003,13 Jul 2025,28/07/2025,28348.53,0.0,Overdue,,ZAR,sme_005_accounting_export.csv
INV_000432,SME_005,SME_005-INV-00432,CUST_SME_005_005,16/06/2025,15/08/2025,6040.49,0.0,Unpaid,,ZAR,sme_005_accounting_export.csv
INV_000433,SME_005,SME_005-INV-00433,CUST_SME_005_011,20 Jan 2024,19 Feb 2024,27844.91,18872.96,Partially Paid,06/03/2024,ZAR,sme_005_accounting_export.csv
INV_000434,SME_005,SME_005-INV-00434,CUST_SME_005_011,28/09/2025,12 Nov 2025,37149.45,37149.45,Paid,25 Oct 2025,ZAR,sme_005_accounting_export.csv
INV_000435,SME_005,SME_005-INV-00435,CUST_SME_005_009,2024-08-21,20 Sep 2024,34235.76,0.0,Unpaid,,ZAR,sme_005_accounting_export.csv
INV_000436,SME_005,SME_005-INV-00436,CUST_SME_005_013,2024-07-14,2024-08-28,24981.52,24981.52,PAID,20/07/2024,ZAR,sme_005_accounting_export.csv
INV_000437,SME_005,SME_005-INV-00437,CUST_SME_005_013,2025-05-20,19 Jun 2025,22812.02,22812.02,PAID,2025-06-22,ZAR,sme_005_accounting_export.csv
INV_000438,SME_005,SME_005-INV-00438,CUST_SME_005_009,12/06/2024,2024-06-27,17248.53,17248.53,Paid,16 Jun 2024,ZAR,sme_005_accounting_export.csv
INV_000439,SME_005,SME_005-INV-00439,CUST_SME_005_004,2024-06-05,2024-07-05,46259.14,46259.14,paid,12/06/2024,ZAR,sme_005_accounting_export.csv
INV_000440,SME_005,SME_005-INV-00440,CUST_SME_005_010,14 Oct 2025,2025-11-13,47175.65,17674.51,Partially Paid,19/10/2025,ZAR,sme_005_accounting_export.csv
INV_000441,SME_005,SME_005-INV-00441,CUST_SME_005_015,16/02/2024,2024-03-17,29498.63,29498.63,PAID,2024-03-23,ZAR,sme_005_accounting_export.csv
INV_000442,SME_005,SME_005-INV-00442,CUST_SME_005_011,06/07/2024,20/08/2024,23571.14,23571.14,Paid,16/07/2024,ZAR,sme_005_accounting_export.csv
INV_000443,SME_005,SME_005-INV-00443,CUST_SME_005_002,12 Aug 2025,27 Aug 2025,38607.96,38607.96,Paid,2025-09-23,ZAR,sme_005_accounting_export.csv
INV_000444,SME_005,SME_005-INV-00444,CUST_SME_005_014,2025-04-19,18/06/2025,33906.21,0.0,Unpaid,,ZAR,sme_005_accounting_export.csv
INV_000445,SME_005,SME_005-INV-00445,CUST_SME_005_014,26 Jun 2025,26/07/2025,40368.07,40368.07,Paid,2025-08-13,ZAR,sme_005_accounting_export.csv
INV_000446,SME_005,SME_005-INV-00446,CUST_SME_005_005,16/01/2025,2025-01-31,19054.92,19054.92,PAID,14/02/2025,ZAR,sme_005_accounting_export.csv
INV_000447,SME_005,SME_005-INV-00447,CUST_SME_005_001,2025-10-03,18 Oct 2025,47512.62,0.0,Overdue,,ZAR,sme_005_accounting_export.csv
INV_000448,SME_005,SME_005-INV-00448,CUST_SME_005_004,09 Jul 2024,24 Jul 2024,19687.83,4566.34,Partially Paid,02 Aug 2024,ZAR,sme_005_accounting_export.csv
INV_000449,SME_005,SME_005-INV-00449,CUST_SME_005_011,2024-01-10,2024-02-09,25704.67,25704.67,PAID,2024-02-13,ZAR,sme_005_accounting_export.csv
INV_000450,SME_005,SME_005-INV-00450,CUST_SME_005_014,25 Apr 2024,2024-06-24,8812.94,1829.31,Partially Paid,2024-06-16,ZAR,sme_005_accounting_export.csv
INV_000451,SME_005,SME_005-INV-00451,CUST_SME_005_012,28/09/2024,13/10/2024,51466.79,51466.79,Paid,08/11/2024,ZAR,sme_005_accounting_export.csv
INV_000452,SME_005,SME_005-INV-00452,CUST_SME_005_002,2024-06-13,28/07/2024,39012.15,39012.15,Paid,01/07/2024,ZAR,sme_005_accounting_export.csv
INV_000453,SME_005,SME_005-INV-00453,CUST_SME_005_012,2025-07-31,14/09/2025,14881.94,4455.27,Partially Paid,01/10/2025,ZAR,sme_005_accounting_export.csv
INV_000454,SME_005,SME_005-INV-00454,CUST_SME_005_008,26 Nov 2025,11/12/2025,51251.37,51251.37,Paid,19/12/2025,ZAR,sme_005_accounting_export.csv
INV_000455,SME_005,SME_005-INV-00455,CUST_SME_005_003,03/07/2025,2025-09-01,42582.79,32867.57,Partially Paid,08 Jul 2025,ZAR,sme_005_accounting_export.csv
INV_000456,SME_005,SME_005-INV-00456,CUST_SME_005_013,2025-02-10,2025-03-27,27088.64,12444.15,Partially Paid,01 Mar 2025,ZAR,sme_005_accounting_export.csv
INV_000457,SME_005,SME_005-INV-00457,CUST_SME_005_004,10 Aug 2025,24/09/2025,59400.73,59400.73,PAID,20 Sep 2025,ZAR,sme_005_accounting_export.csv
INV_000458,SME_005,SME_005-INV-00458,CUST_SME_005_005,2024-01-13,27/02/2024,20895.38,5152.01,Partially Paid,2024-02-20,ZAR,sme_005_accounting_export.csv
INV_000459,SME_005,SME_005-INV-00459,CUST_SME_005_009,03/04/2025,18/05/2025,6873.42,1385.53,Partially Paid,24/04/2025,ZAR,sme_005_accounting_export.csv
INV_000460,SME_005,SME_005-INV-00460,CUST_SME_005_005,16/05/2025,15/07/2025,44274.08,44274.08,paid,2025-07-17,ZAR,sme_005_accounting_export.csv
INV_000461,SME_005,SME_005-INV-00461,CUST_SME_005_007,08/01/2024,2024-02-07,45665.89,0.0,Overdue,,ZAR,sme_005_accounting_export.csv
INV_000462,SME_005,SME_005-INV-00462,CUST_SME_005_001,2024-12-13,2025-01-12,4478.94,4478.94,PAID,06/02/2025,ZAR,sme_005_accounting_export.csv
INV_000463,SME_005,SME_005-INV-00463,CUST_SME_005_015,20 Jun 2024,2024-08-19,49345.73,49345.73,paid,19 Jul 2024,ZAR,sme_005_accounting_export.csv
INV_000464,SME_005,SME_005-INV-00464,CUST_SME_005_003,2024-01-27,2024-02-11,46780.55,24713.51,Partially Paid,2024-02-08,ZAR,sme_005_accounting_export.csv
INV_000465,SME_005,SME_005-INV-00465,CUST_SME_005_004,05/03/2024,2024-04-04,55846.19,55846.19,paid,29 Apr 2024,ZAR,sme_005_accounting_export.csv
INV_000466,SME_005,SME_005-INV-00466,CUST_SME_005_001,02/09/2025,2025-09-17,7994.4,7994.4,Paid,19 Sep 2025,ZAR,sme_005_accounting_export.csv
INV_000467,SME_005,SME_005-INV-00467,CUST_SME_005_013,2025-04-25,09/06/2025,36447.76,0.0,Overdue,,ZAR,sme_005_accounting_export.csv
INV_000468,SME_005,SME_005-INV-00468,CUST_SME_005_010,20/02/2024,20 Apr 2024,13945.93,13945.93,paid,14/04/2024,ZAR,sme_005_accounting_export.csv
INV_000469,SME_005,SME_005-INV-00469,CUST_SME_005_008,18 Jul 2024,2024-08-02,24567.08,24567.08,paid,19/07/2024,ZAR,sme_005_accounting_export.csv
INV_000470,SME_005,SME_005-INV-00470,CUST_SME_005_009,11 Oct 2025,25 Nov 2025,16640.36,16640.36,Paid,2025-11-09,ZAR,sme_005_accounting_export.csv
INV_000056_DUP,SME_002,SME_002-INV-00056,CUST_SME_002_006,27/06/2025,11/08/2025,43987.45,14538.24,Partially Paid,04 Aug 2025,ZAR,sme_002_accounting_export.csv
INV_000074_DUP,SME_002,SME_002-INV-00074,CUST_SME_002_005,2025-04-02,2025-05-17,57818.3,57818.3,Paid,18/05/2025,ZAR,sme_002_accounting_export.csv
INV_000034_DUP,SME_001,SME_001-INV-00034,CUST_SME_001_008,2025-12-03,02 Jan 2026,31813.07,31813.07,Paid,18/01/2026,ZAR,sme_001_accounting_export.csv
INV_000447_DUP,SME_005,SME_005-INV-00447,CUST_SME_005_001,2025-10-03,18 Oct 2025,47512.62,0.0,Overdue,,ZAR,sme_005_accounting_export.csv
INV_000426_DUP,SME_005,SME_005-INV-00426,CUST_SME_005_013,2025-08-07,2025-10-06,24001.81,10229.62,Partially Paid,23/10/2025,ZAR,sme_005_accounting_export.csv
